2025-03-11 16:31:53,445, INFO, [server started...]
2025-03-11 16:31:53,459, WARNING,  * Debugger is active!
2025-03-11 16:31:53,466, INFO,  * Debugger PIN: 870-624-759
2025-03-11 16:31:53,739, INFO, 127.0.0.1 - - [11/Mar/2025 16:31:53] "GET /socket.io/?EIO=4&transport=polling&t=PM4LEja HTTP/1.1" 200 -
2025-03-11 16:31:53,761, INFO, 127.0.0.1 - - [11/Mar/2025 16:31:53] "POST /socket.io/?EIO=4&transport=polling&t=PM4LE-K&sid=DajX9w-pfeDOZFxfAAAA HTTP/1.1" 200 -
2025-03-11 16:31:53,771, INFO, 127.0.0.1 - - [11/Mar/2025 16:31:53] "GET /socket.io/?EIO=4&transport=polling&t=PM4LE-M&sid=DajX9w-pfeDOZFxfAAAA HTTP/1.1" 200 -
2025-03-11 16:31:53,782, INFO, 127.0.0.1 - - [11/Mar/2025 16:31:53] "GET /socket.io/?EIO=4&transport=polling&t=PM4LE-n&sid=DajX9w-pfeDOZFxfAAAA HTTP/1.1" 200 -
2025-03-11 16:31:59,194, INFO,  * Detected change in 'D:\\Junner\\hackersir\\¾Ç³N\\ºô¸ô¥[±K¹ê¾Ô\\web-crypto-combat\\no-encrypted\\src\\Flask-Server-main\\app.py', reloading
2025-03-11 16:32:43,173, INFO, [server started...]
2025-03-11 16:32:43,188, WARNING,  * Debugger is active!
2025-03-11 16:32:43,195, INFO,  * Debugger PIN: 870-624-759
2025-03-11 16:32:43,477, INFO, 127.0.0.1 - - [11/Mar/2025 16:32:43] "GET /socket.io/?EIO=4&transport=polling&t=PM4LQs8 HTTP/1.1" 200 -
2025-03-11 16:32:43,496, INFO, 127.0.0.1 - - [11/Mar/2025 16:32:43] "POST /socket.io/?EIO=4&transport=polling&t=PM4LR7S&sid=1QeIvgORx951G9gvAAAA HTTP/1.1" 200 -
2025-03-11 16:32:43,499, INFO, 127.0.0.1 - - [11/Mar/2025 16:32:43] "GET /socket.io/?EIO=4&transport=polling&t=PM4LR7S.0&sid=1QeIvgORx951G9gvAAAA HTTP/1.1" 200 -
2025-03-11 16:32:43,515, INFO, 127.0.0.1 - - [11/Mar/2025 16:32:43] "GET /socket.io/?EIO=4&transport=polling&t=PM4LR7o&sid=1QeIvgORx951G9gvAAAA HTTP/1.1" 200 -
2025-03-11 16:32:53,130, INFO, Received message: 1234-----dsnkg herlie :x:
2025-03-11 16:32:53,131, INFO, Sent acknowledgement to client.
2025-03-11 16:32:58,436, INFO, Received message: 12345
2025-03-11 16:32:58,438, INFO, Sent acknowledgement to client.
2025-03-11 16:33:14,639, INFO,  * Detected change in 'D:\\Junner\\hackersir\\¾Ç³N\\ºô¸ô¥[±K¹ê¾Ô\\web-crypto-combat\\no-encrypted\\src\\Flask-Server-main\\app.py', reloading
2025-03-11 16:33:16,653, INFO, [server started...]
2025-03-11 16:33:16,667, WARNING,  * Debugger is active!
2025-03-11 16:33:16,676, INFO,  * Debugger PIN: 870-624-759
2025-03-11 16:33:16,975, INFO, 127.0.0.1 - - [11/Mar/2025 16:33:16] "GET /socket.io/?EIO=4&transport=polling&t=PM4LZ0E HTTP/1.1" 200 -
2025-03-11 16:33:16,997, INFO, 127.0.0.1 - - [11/Mar/2025 16:33:16] "POST /socket.io/?EIO=4&transport=polling&t=PM4LZIs&sid=xM7-7Vjio2cwGuQnAAAA HTTP/1.1" 200 -
2025-03-11 16:33:16,999, INFO, 127.0.0.1 - - [11/Mar/2025 16:33:16] "GET /socket.io/?EIO=4&transport=polling&t=PM4LZIt&sid=xM7-7Vjio2cwGuQnAAAA HTTP/1.1" 200 -
2025-03-11 16:33:17,012, INFO, 127.0.0.1 - - [11/Mar/2025 16:33:17] "GET /socket.io/?EIO=4&transport=polling&t=PM4LZJE&sid=xM7-7Vjio2cwGuQnAAAA HTTP/1.1" 200 -
2025-03-11 16:33:33,290, INFO, Received message: 12345
2025-03-11 16:33:33,291, INFO, Sent acknowledgement to client.
2025-03-11 16:52:59,703, INFO,  * Detected change in 'D:\\Junner\\hackersir\\¾Ç³N\\ºô¸ô¥[±K¹ê¾Ô\\web-crypto-combat\\no-encrypted\\src\\Flask-Server-main\\app.py', reloading
2025-03-11 16:53:01,568, INFO, [server started...]
2025-03-11 16:53:01,581, WARNING,  * Debugger is active!
2025-03-11 16:53:01,588, INFO,  * Debugger PIN: 870-624-759
2025-03-11 16:53:01,889, INFO, 127.0.0.1 - - [11/Mar/2025 16:53:01] "GET /socket.io/?EIO=4&transport=polling&t=PM4Q4KI HTTP/1.1" 200 -
2025-03-11 16:53:01,905, INFO, 127.0.0.1 - - [11/Mar/2025 16:53:01] "POST /socket.io/?EIO=4&transport=polling&t=PM4Q4b7&sid=b0p5HowtLOw2sQ2bAAAA HTTP/1.1" 200 -
2025-03-11 16:53:01,907, INFO, 127.0.0.1 - - [11/Mar/2025 16:53:01] "GET /socket.io/?EIO=4&transport=polling&t=PM4Q4b8&sid=b0p5HowtLOw2sQ2bAAAA HTTP/1.1" 200 -
2025-03-11 16:53:01,925, INFO, 127.0.0.1 - - [11/Mar/2025 16:53:01] "GET /socket.io/?EIO=4&transport=polling&t=PM4Q4bS&sid=b0p5HowtLOw2sQ2bAAAA HTTP/1.1" 200 -
2025-03-11 16:53:03,311, INFO,  * Detected change in 'D:\\Junner\\hackersir\\¾Ç³N\\ºô¸ô¥[±K¹ê¾Ô\\web-crypto-combat\\no-encrypted\\src\\Flask-Server-main\\app.py', reloading
2025-03-11 16:53:05,256, INFO, [server started...]
2025-03-11 16:53:05,271, WARNING,  * Debugger is active!
2025-03-11 16:53:05,279, INFO,  * Debugger PIN: 870-624-759
2025-03-11 16:53:05,561, INFO, 127.0.0.1 - - [11/Mar/2025 16:53:05] "GET /socket.io/?EIO=4&transport=polling&t=PM4Q5GP HTTP/1.1" 200 -
2025-03-11 16:53:05,577, INFO, 127.0.0.1 - - [11/Mar/2025 16:53:05] "POST /socket.io/?EIO=4&transport=polling&t=PM4Q5UT&sid=Rq-OJa3oc0_iueH_AAAA HTTP/1.1" 200 -
2025-03-11 16:53:05,580, INFO, 127.0.0.1 - - [11/Mar/2025 16:53:05] "GET /socket.io/?EIO=4&transport=polling&t=PM4Q5UW&sid=Rq-OJa3oc0_iueH_AAAA HTTP/1.1" 200 -
2025-03-11 16:53:05,595, INFO, 127.0.0.1 - - [11/Mar/2025 16:53:05] "GET /socket.io/?EIO=4&transport=polling&t=PM4Q5Ur&sid=Rq-OJa3oc0_iueH_AAAA HTTP/1.1" 200 -
2025-03-11 16:53:13,574, INFO,  * Detected change in 'D:\\Junner\\hackersir\\¾Ç³N\\ºô¸ô¥[±K¹ê¾Ô\\web-crypto-combat\\no-encrypted\\src\\Flask-Server-main\\app.py', reloading
2025-03-11 16:53:15,518, INFO, [server started...]
2025-03-11 16:53:15,533, WARNING,  * Debugger is active!
2025-03-11 16:53:15,542, INFO,  * Debugger PIN: 870-624-759
2025-03-11 16:53:15,808, INFO, 127.0.0.1 - - [11/Mar/2025 16:53:15] "GET /socket.io/?EIO=4&transport=polling&t=PM4Q7lI HTTP/1.1" 200 -
2025-03-11 16:53:15,824, INFO, 127.0.0.1 - - [11/Mar/2025 16:53:15] "POST /socket.io/?EIO=4&transport=polling&t=PM4Q7-a&sid=6CQY_mkCgad8qyP_AAAA HTTP/1.1" 200 -
2025-03-11 16:53:15,827, INFO, 127.0.0.1 - - [11/Mar/2025 16:53:15] "GET /socket.io/?EIO=4&transport=polling&t=PM4Q7-c&sid=6CQY_mkCgad8qyP_AAAA HTTP/1.1" 200 -
2025-03-11 16:53:15,841, INFO, 127.0.0.1 - - [11/Mar/2025 16:53:15] "GET /socket.io/?EIO=4&transport=polling&t=PM4Q7-w&sid=6CQY_mkCgad8qyP_AAAA HTTP/1.1" 200 -
2025-03-11 16:54:41,908, INFO,  * Detected change in 'D:\\Junner\\hackersir\\¾Ç³N\\ºô¸ô¥[±K¹ê¾Ô\\web-crypto-combat\\no-encrypted\\src\\Flask-Server-main\\app.py', reloading
2025-03-11 16:54:43,714, INFO, [server started...]
2025-03-11 16:54:43,728, WARNING,  * Debugger is active!
2025-03-11 16:54:43,736, INFO,  * Debugger PIN: 870-624-759
2025-03-11 16:54:44,013, INFO, 127.0.0.1 - - [11/Mar/2025 16:54:44] "GET /socket.io/?EIO=4&transport=polling&t=PM4QTH2 HTTP/1.1" 200 -
2025-03-11 16:54:44,030, INFO, 127.0.0.1 - - [11/Mar/2025 16:54:44] "POST /socket.io/?EIO=4&transport=polling&t=PM4QTWo&sid=kTtLzIPxI-HpZBxUAAAA HTTP/1.1" 200 -
2025-03-11 16:54:44,032, INFO, 127.0.0.1 - - [11/Mar/2025 16:54:44] "GET /socket.io/?EIO=4&transport=polling&t=PM4QTWp&sid=kTtLzIPxI-HpZBxUAAAA HTTP/1.1" 200 -
2025-03-11 16:54:44,049, INFO, 127.0.0.1 - - [11/Mar/2025 16:54:44] "GET /socket.io/?EIO=4&transport=polling&t=PM4QTX8&sid=kTtLzIPxI-HpZBxUAAAA HTTP/1.1" 200 -
2025-03-11 17:53:48,751, INFO, [server started...]
2025-03-11 17:53:48,786, INFO, [31m[1mWARNING: This is a development server. Do not use it in a production deployment. Use a production WSGI server instead.[0m
 * Running on http://localhost:5000
2025-03-11 17:53:48,786, INFO, [33mPress CTRL+C to quit[0m
2025-03-11 17:53:48,786, INFO,  * Restarting with stat
2025-03-11 17:53:50,368, INFO, [server started...]
2025-03-11 17:53:50,381, WARNING,  * Debugger is active!
2025-03-11 17:53:50,389, INFO,  * Debugger PIN: 870-624-759
2025-03-11 17:53:51,771, INFO, 127.0.0.1 - - [11/Mar/2025 17:53:51] "GET /socket.io/?EIO=4&transport=polling&t=PM4d_gG HTTP/1.1" 200 -
2025-03-11 17:53:51,797, INFO, 127.0.0.1 - - [11/Mar/2025 17:53:51] "POST /socket.io/?EIO=4&transport=polling&t=PM4d_gb&sid=aLPcjSMTEseI_DEPAAAA HTTP/1.1" 200 -
2025-03-11 17:53:51,801, INFO, 127.0.0.1 - - [11/Mar/2025 17:53:51] "GET /socket.io/?EIO=4&transport=polling&t=PM4d_gd&sid=aLPcjSMTEseI_DEPAAAA HTTP/1.1" 200 -
2025-03-11 17:53:51,820, INFO, 127.0.0.1 - - [11/Mar/2025 17:53:51] "GET /socket.io/?EIO=4&transport=polling&t=PM4d_h4&sid=aLPcjSMTEseI_DEPAAAA HTTP/1.1" 200 -
2025-03-11 17:53:59,013, INFO, Sent acknowledgement to client.
2025-03-11 17:56:43,185, INFO,  * Detected change in 'D:\\Junner\\hackersir\\¾Ç³N\\ºô¸ô¥[±K¹ê¾Ô\\web-crypto-combat\\AES-encrypted\\src\\Flask-Server-main\\app.py', reloading
2025-03-11 17:56:43,410, INFO,  * Restarting with stat
2025-03-11 17:56:45,345, INFO, [server started...]
2025-03-11 17:56:45,359, WARNING,  * Debugger is active!
2025-03-11 17:56:45,367, INFO,  * Debugger PIN: 870-624-759
2025-03-11 17:56:45,632, INFO, 127.0.0.1 - - [11/Mar/2025 17:56:45] "GET /socket.io/?EIO=4&transport=polling&t=PM4efr9 HTTP/1.1" 200 -
2025-03-11 17:56:45,646, INFO, 127.0.0.1 - - [11/Mar/2025 17:56:45] "POST /socket.io/?EIO=4&transport=polling&t=PM4eg75&sid=AwjF_b6WLR0GUDGgAAAA HTTP/1.1" 200 -
2025-03-11 17:56:45,647, INFO, 127.0.0.1 - - [11/Mar/2025 17:56:45] "GET /socket.io/?EIO=4&transport=polling&t=PM4eg76&sid=AwjF_b6WLR0GUDGgAAAA HTTP/1.1" 200 -
2025-03-11 17:56:45,660, INFO, 127.0.0.1 - - [11/Mar/2025 17:56:45] "GET /socket.io/?EIO=4&transport=polling&t=PM4eg7N&sid=AwjF_b6WLR0GUDGgAAAA HTTP/1.1" 200 -
2025-03-11 17:56:47,100, INFO,  * Detected change in 'D:\\Junner\\hackersir\\¾Ç³N\\ºô¸ô¥[±K¹ê¾Ô\\web-crypto-combat\\AES-encrypted\\src\\Flask-Server-main\\app.py', reloading
2025-03-11 17:56:47,263, INFO,  * Restarting with stat
2025-03-11 17:56:49,023, INFO, [server started...]
2025-03-11 17:56:49,036, WARNING,  * Debugger is active!
2025-03-11 17:56:49,044, INFO,  * Debugger PIN: 870-624-759
2025-03-11 17:56:49,303, INFO, 127.0.0.1 - - [11/Mar/2025 17:56:49] "GET /socket.io/?EIO=4&transport=polling&t=PM4eglw HTTP/1.1" 200 -
2025-03-11 17:56:49,315, INFO, 127.0.0.1 - - [11/Mar/2025 17:56:49] "POST /socket.io/?EIO=4&transport=polling&t=PM4eh0Q&sid=hEY-Byz9F7V8Q2CuAAAA HTTP/1.1" 200 -
2025-03-11 17:56:49,317, INFO, 127.0.0.1 - - [11/Mar/2025 17:56:49] "GET /socket.io/?EIO=4&transport=polling&t=PM4eh0R&sid=hEY-Byz9F7V8Q2CuAAAA HTTP/1.1" 200 -
2025-03-11 17:56:49,328, INFO, 127.0.0.1 - - [11/Mar/2025 17:56:49] "GET /socket.io/?EIO=4&transport=polling&t=PM4eh0g&sid=hEY-Byz9F7V8Q2CuAAAA HTTP/1.1" 200 -
2025-03-11 17:56:50,849, INFO,  * Detected change in 'D:\\Junner\\hackersir\\¾Ç³N\\ºô¸ô¥[±K¹ê¾Ô\\web-crypto-combat\\AES-encrypted\\src\\Flask-Server-main\\app.py', reloading
2025-03-11 17:56:51,015, INFO,  * Restarting with stat
2025-03-11 17:56:52,709, INFO, [server started...]
2025-03-11 17:56:52,722, WARNING,  * Debugger is active!
2025-03-11 17:56:52,729, INFO,  * Debugger PIN: 870-624-759
2025-03-11 17:56:52,980, INFO, 127.0.0.1 - - [11/Mar/2025 17:56:52] "GET /socket.io/?EIO=4&transport=polling&t=PM4ehjg HTTP/1.1" 200 -
2025-03-11 17:56:52,996, INFO, 127.0.0.1 - - [11/Mar/2025 17:56:52] "POST /socket.io/?EIO=4&transport=polling&t=PM4ehvu&sid=HNNtgN0dUySmsh1xAAAA HTTP/1.1" 200 -
2025-03-11 17:56:52,998, INFO, 127.0.0.1 - - [11/Mar/2025 17:56:52] "GET /socket.io/?EIO=4&transport=polling&t=PM4ehvx&sid=HNNtgN0dUySmsh1xAAAA HTTP/1.1" 200 -
2025-03-11 17:56:53,015, INFO, 127.0.0.1 - - [11/Mar/2025 17:56:53] "GET /socket.io/?EIO=4&transport=polling&t=PM4ehwG&sid=HNNtgN0dUySmsh1xAAAA HTTP/1.1" 200 -
2025-03-11 17:56:57,245, INFO,  * Detected change in 'D:\\Junner\\hackersir\\¾Ç³N\\ºô¸ô¥[±K¹ê¾Ô\\web-crypto-combat\\AES-encrypted\\src\\Flask-Server-main\\app.py', reloading
2025-03-11 17:56:57,386, INFO,  * Restarting with stat
2025-03-11 17:56:59,312, INFO, [server started...]
2025-03-11 17:56:59,327, WARNING,  * Debugger is active!
2025-03-11 17:56:59,335, INFO,  * Debugger PIN: 870-624-759
2025-03-11 17:56:59,624, INFO, 127.0.0.1 - - [11/Mar/2025 17:56:59] "GET /socket.io/?EIO=4&transport=polling&t=PM4ejH8 HTTP/1.1" 200 -
2025-03-11 17:56:59,639, INFO, 127.0.0.1 - - [11/Mar/2025 17:56:59] "POST /socket.io/?EIO=4&transport=polling&t=PM4ejXi&sid=logbYZhT5PzuBT-WAAAA HTTP/1.1" 200 -
2025-03-11 17:56:59,643, INFO, 127.0.0.1 - - [11/Mar/2025 17:56:59] "GET /socket.io/?EIO=4&transport=polling&t=PM4ejXk&sid=logbYZhT5PzuBT-WAAAA HTTP/1.1" 200 -
2025-03-11 17:56:59,659, INFO, 127.0.0.1 - - [11/Mar/2025 17:56:59] "GET /socket.io/?EIO=4&transport=polling&t=PM4ejY3&sid=logbYZhT5PzuBT-WAAAA HTTP/1.1" 200 -
2025-03-11 17:57:31,622, INFO,  * Detected change in 'D:\\Junner\\hackersir\\¾Ç³N\\ºô¸ô¥[±K¹ê¾Ô\\web-crypto-combat\\AES-encrypted\\src\\Flask-Server-main\\app.py', reloading
2025-03-11 17:57:31,772, INFO,  * Restarting with stat
2025-03-11 17:57:33,597, INFO, [server started...]
2025-03-11 17:57:33,612, WARNING,  * Debugger is active!
2025-03-11 17:57:33,621, INFO,  * Debugger PIN: 870-624-759
2025-03-11 17:57:33,890, INFO, 127.0.0.1 - - [11/Mar/2025 17:57:33] "GET /socket.io/?EIO=4&transport=polling&t=PM4ergd HTTP/1.1" 200 -
2025-03-11 17:57:33,904, INFO, 127.0.0.1 - - [11/Mar/2025 17:57:33] "POST /socket.io/?EIO=4&transport=polling&t=PM4erv7&sid=AvxCOSBY9sO3jV3fAAAA HTTP/1.1" 200 -
2025-03-11 17:57:33,908, INFO, 127.0.0.1 - - [11/Mar/2025 17:57:33] "GET /socket.io/?EIO=4&transport=polling&t=PM4erv8&sid=AvxCOSBY9sO3jV3fAAAA HTTP/1.1" 200 -
2025-03-11 17:57:33,923, INFO, 127.0.0.1 - - [11/Mar/2025 17:57:33] "GET /socket.io/?EIO=4&transport=polling&t=PM4ervT&sid=AvxCOSBY9sO3jV3fAAAA HTTP/1.1" 200 -
2025-03-11 17:57:35,399, INFO,  * Detected change in 'D:\\Junner\\hackersir\\¾Ç³N\\ºô¸ô¥[±K¹ê¾Ô\\web-crypto-combat\\AES-encrypted\\src\\Flask-Server-main\\app.py', reloading
2025-03-11 17:57:35,541, INFO,  * Restarting with stat
2025-03-11 18:02:16,779, INFO, [server started...]
2025-03-11 18:02:16,822, INFO, [31m[1mWARNING: This is a development server. Do not use it in a production deployment. Use a production WSGI server instead.[0m
 * Running on http://localhost:5000
2025-03-11 18:02:16,822, INFO, [33mPress CTRL+C to quit[0m
2025-03-11 18:02:16,822, INFO,  * Restarting with stat
2025-03-11 18:02:18,439, INFO, [server started...]
2025-03-11 18:02:18,453, WARNING,  * Debugger is active!
2025-03-11 18:02:18,461, INFO,  * Debugger PIN: 870-624-759
2025-03-11 18:02:18,751, INFO, 127.0.0.1 - - [11/Mar/2025 18:02:18] "GET /socket.io/?EIO=4&transport=polling&t=PM4fwnk HTTP/1.1" 200 -
2025-03-11 18:02:18,768, INFO, 127.0.0.1 - - [11/Mar/2025 18:02:18] "POST /socket.io/?EIO=4&transport=polling&t=PM4fxS4&sid=Y-_GVDGjvvIG6NNOAAAA HTTP/1.1" 200 -
2025-03-11 18:02:18,771, INFO, 127.0.0.1 - - [11/Mar/2025 18:02:18] "GET /socket.io/?EIO=4&transport=polling&t=PM4fxS6&sid=Y-_GVDGjvvIG6NNOAAAA HTTP/1.1" 200 -
2025-03-11 18:02:18,791, INFO, 127.0.0.1 - - [11/Mar/2025 18:02:18] "GET /socket.io/?EIO=4&transport=polling&t=PM4fxSW&sid=Y-_GVDGjvvIG6NNOAAAA HTTP/1.1" 200 -
2025-03-11 18:02:19,980, INFO, Sent acknowledgement to client.
2025-03-11 18:02:19,982, INFO, Received message: 123213123
2025-03-11 18:02:23,061, INFO, Sent acknowledgement to client.
2025-03-11 18:02:23,063, INFO, Received message: 123213123
2025-03-11 18:02:24,497, INFO, Sent acknowledgement to client.
2025-03-11 18:02:24,499, INFO, Received message: 123213123
2025-03-11 18:02:24,657, INFO, Sent acknowledgement to client.
2025-03-11 18:02:24,658, INFO, Received message: 123213123
2025-03-11 18:02:24,811, INFO, Sent acknowledgement to client.
2025-03-11 18:02:24,812, INFO, Received message: 123213123
2025-03-11 18:02:24,963, INFO, Sent acknowledgement to client.
2025-03-11 18:02:24,964, INFO, Received message: 123213123
2025-03-11 18:02:25,117, INFO, Sent acknowledgement to client.
2025-03-11 18:02:25,118, INFO, Received message: 123213123
2025-03-11 18:02:25,270, INFO, Sent acknowledgement to client.
2025-03-11 18:02:25,272, INFO, Received message: 123213123
2025-03-11 18:02:25,423, INFO, Sent acknowledgement to client.
2025-03-11 18:02:25,424, INFO, Received message: 123213123
2025-03-11 18:02:25,647, INFO, Sent acknowledgement to client.
2025-03-11 18:02:25,649, INFO, Received message: 123213123
2025-03-11 18:02:27,441, INFO, Sent acknowledgement to client.
2025-03-11 18:02:27,443, INFO, Received message: 123213123
2025-03-11 18:02:27,593, INFO, Sent acknowledgement to client.
2025-03-11 18:02:27,595, INFO, Received message: 123213123
2025-03-11 18:02:27,747, INFO, Sent acknowledgement to client.
2025-03-11 18:02:27,748, INFO, Received message: 123213123
2025-03-11 18:02:27,901, INFO, Sent acknowledgement to client.
2025-03-11 18:02:27,902, INFO, Received message: 123213123
2025-03-11 18:02:28,036, INFO, Sent acknowledgement to client.
2025-03-11 18:02:28,037, INFO, Received message: 123213123
2025-03-11 18:02:28,162, INFO, Sent acknowledgement to client.
2025-03-11 18:02:28,163, INFO, Received message: 123213123
2025-03-11 18:02:28,524, INFO, Sent acknowledgement to client.
2025-03-11 18:02:28,525, INFO, Received message: 123213123
2025-03-11 18:02:28,651, INFO, Sent acknowledgement to client.
2025-03-11 18:02:28,653, INFO, Received message: 123213123
2025-03-11 18:02:28,777, INFO, Sent acknowledgement to client.
2025-03-11 18:02:28,778, INFO, Received message: 123213123
2025-03-11 18:02:28,914, INFO, Sent acknowledgement to client.
2025-03-11 18:02:28,916, INFO, Received message: 123213123
2025-03-11 18:02:29,058, INFO, Sent acknowledgement to client.
2025-03-11 18:02:29,061, INFO, Received message: 123213123
2025-03-11 18:03:01,097, INFO,  * Detected change in 'D:\\Junner\\hackersir\\¾Ç³N\\ºô¸ô¥[±K¹ê¾Ô\\web-crypto-combat\\include\\crypt_functions.py', reloading
2025-03-11 18:03:01,205, INFO,  * Restarting with stat
2025-03-11 18:03:02,966, INFO, [server started...]
2025-03-11 18:03:02,979, WARNING,  * Debugger is active!
2025-03-11 18:03:02,985, INFO,  * Debugger PIN: 870-624-759
2025-03-11 18:03:03,249, INFO, 127.0.0.1 - - [11/Mar/2025 18:03:03] "GET /socket.io/?EIO=4&transport=polling&t=PM4g6AE HTTP/1.1" 200 -
2025-03-11 18:03:03,266, INFO, 127.0.0.1 - - [11/Mar/2025 18:03:03] "POST /socket.io/?EIO=4&transport=polling&t=PM4g6JM&sid=92JLnxrTf6d1eu6UAAAA HTTP/1.1" 200 -
2025-03-11 18:03:03,267, INFO, 127.0.0.1 - - [11/Mar/2025 18:03:03] "GET /socket.io/?EIO=4&transport=polling&t=PM4g6JO&sid=92JLnxrTf6d1eu6UAAAA HTTP/1.1" 200 -
2025-03-11 18:03:03,280, INFO, 127.0.0.1 - - [11/Mar/2025 18:03:03] "GET /socket.io/?EIO=4&transport=polling&t=PM4g6Je&sid=92JLnxrTf6d1eu6UAAAA HTTP/1.1" 200 -
2025-03-11 18:03:07,177, INFO,  * Detected change in 'D:\\Junner\\hackersir\\¾Ç³N\\ºô¸ô¥[±K¹ê¾Ô\\web-crypto-combat\\include\\crypt_functions.py', reloading
2025-03-11 18:03:07,330, INFO,  * Restarting with stat
2025-03-11 18:03:08,973, INFO, [server started...]
2025-03-11 18:03:08,985, WARNING,  * Debugger is active!
2025-03-11 18:03:08,993, INFO,  * Debugger PIN: 870-624-759
2025-03-11 18:03:09,257, INFO, 127.0.0.1 - - [11/Mar/2025 18:03:09] "GET /socket.io/?EIO=4&transport=polling&t=PM4g7ZS HTTP/1.1" 200 -
2025-03-11 18:03:09,271, INFO, 127.0.0.1 - - [11/Mar/2025 18:03:09] "POST /socket.io/?EIO=4&transport=polling&t=PM4g7nD&sid=r_Yt6anaUgqnaJ6_AAAA HTTP/1.1" 200 -
2025-03-11 18:03:09,274, INFO, 127.0.0.1 - - [11/Mar/2025 18:03:09] "GET /socket.io/?EIO=4&transport=polling&t=PM4g7nE&sid=r_Yt6anaUgqnaJ6_AAAA HTTP/1.1" 200 -
2025-03-11 18:03:09,287, INFO, 127.0.0.1 - - [11/Mar/2025 18:03:09] "GET /socket.io/?EIO=4&transport=polling&t=PM4g7nW&sid=r_Yt6anaUgqnaJ6_AAAA HTTP/1.1" 200 -
2025-03-11 18:03:15,802, INFO,  * Detected change in 'D:\\Junner\\hackersir\\¾Ç³N\\ºô¸ô¥[±K¹ê¾Ô\\web-crypto-combat\\include\\crypt_functions.py', reloading
2025-03-11 18:03:15,937, INFO,  * Restarting with stat
2025-03-11 18:03:17,859, INFO, [server started...]
2025-03-11 18:03:17,875, WARNING,  * Debugger is active!
2025-03-11 18:03:17,885, INFO,  * Debugger PIN: 870-624-759
2025-03-11 18:03:18,181, INFO, 127.0.0.1 - - [11/Mar/2025 18:03:18] "GET /socket.io/?EIO=4&transport=polling&t=PM4g9fw HTTP/1.1" 200 -
2025-03-11 18:03:18,198, INFO, 127.0.0.1 - - [11/Mar/2025 18:03:18] "POST /socket.io/?EIO=4&transport=polling&t=PM4g9yh&sid=2K1hO8LXbzMzAvIRAAAA HTTP/1.1" 200 -
2025-03-11 18:03:18,204, INFO, 127.0.0.1 - - [11/Mar/2025 18:03:18] "GET /socket.io/?EIO=4&transport=polling&t=PM4g9yh.0&sid=2K1hO8LXbzMzAvIRAAAA HTTP/1.1" 200 -
2025-03-11 18:03:18,219, INFO, 127.0.0.1 - - [11/Mar/2025 18:03:18] "GET /socket.io/?EIO=4&transport=polling&t=PM4g9z2&sid=2K1hO8LXbzMzAvIRAAAA HTTP/1.1" 200 -
2025-03-11 18:03:18,818, INFO, Sent acknowledgement to client.
2025-03-11 18:03:18,819, INFO, Received message: 123213123
2025-03-11 18:03:20,244, INFO, Sent acknowledgement to client.
2025-03-11 18:03:20,245, INFO, Received message: 123213123
2025-03-11 18:03:21,304, INFO, Sent acknowledgement to client.
2025-03-11 18:03:21,305, INFO, Received message: 123213123
2025-03-11 18:03:22,512, INFO, Sent acknowledgement to client.
2025-03-11 18:03:22,512, INFO, Received message: 123213123
2025-03-11 18:03:41,578, INFO,  * Detected change in 'D:\\Junner\\hackersir\\¾Ç³N\\ºô¸ô¥[±K¹ê¾Ô\\web-crypto-combat\\AES-encrypted\\src\\Flask-Server-main\\app.py', reloading
2025-03-11 18:03:41,676, INFO,  * Restarting with stat
2025-03-11 18:03:43,415, INFO, [server started...]
2025-03-11 18:03:43,429, WARNING,  * Debugger is active!
2025-03-11 18:03:43,437, INFO,  * Debugger PIN: 870-624-759
2025-03-11 18:03:43,686, INFO, 127.0.0.1 - - [11/Mar/2025 18:03:43] "GET /socket.io/?EIO=4&transport=polling&t=PM4gFxK HTTP/1.1" 200 -
2025-03-11 18:03:43,721, INFO, 127.0.0.1 - - [11/Mar/2025 18:03:43] "POST /socket.io/?EIO=4&transport=polling&t=PM4gGBB&sid=UlajgaCtvFyBT8iRAAAA HTTP/1.1" 200 -
2025-03-11 18:03:43,721, INFO, 127.0.0.1 - - [11/Mar/2025 18:03:43] "GET /socket.io/?EIO=4&transport=polling&t=PM4gGBC&sid=UlajgaCtvFyBT8iRAAAA HTTP/1.1" 200 -
2025-03-11 18:03:45,216, INFO,  * Detected change in 'D:\\Junner\\hackersir\\¾Ç³N\\ºô¸ô¥[±K¹ê¾Ô\\web-crypto-combat\\AES-encrypted\\src\\Flask-Server-main\\app.py', reloading
2025-03-11 18:03:45,314, INFO,  * Restarting with stat
2025-03-11 18:03:47,047, INFO, [server started...]
2025-03-11 18:03:47,061, WARNING,  * Debugger is active!
2025-03-11 18:03:47,070, INFO,  * Debugger PIN: 870-624-759
2025-03-11 18:03:47,398, INFO, 127.0.0.1 - - [11/Mar/2025 18:03:47] "GET /socket.io/?EIO=4&transport=polling&t=PM4gGjC HTTP/1.1" 200 -
2025-03-11 18:03:47,415, INFO, 127.0.0.1 - - [11/Mar/2025 18:03:47] "POST /socket.io/?EIO=4&transport=polling&t=PM4gH5C&sid=bqfdjikzQ1UN05rJAAAA HTTP/1.1" 200 -
2025-03-11 18:03:47,418, INFO, 127.0.0.1 - - [11/Mar/2025 18:03:47] "GET /socket.io/?EIO=4&transport=polling&t=PM4gH5D&sid=bqfdjikzQ1UN05rJAAAA HTTP/1.1" 200 -
2025-03-11 18:03:47,431, INFO, 127.0.0.1 - - [11/Mar/2025 18:03:47] "GET /socket.io/?EIO=4&transport=polling&t=PM4gH5X&sid=bqfdjikzQ1UN05rJAAAA HTTP/1.1" 200 -
2025-03-11 18:03:47,437, INFO, 127.0.0.1 - - [11/Mar/2025 18:03:47] "POST /socket.io/?EIO=4&transport=polling&t=PM4gH5X.0&sid=bqfdjikzQ1UN05rJAAAA HTTP/1.1" 200 -
2025-03-11 18:03:47,442, INFO, Sent acknowledgement to client.
2025-03-11 18:03:47,444, INFO, Received message: 123213123
2025-03-11 18:03:48,522, INFO, Sent acknowledgement to client.
2025-03-11 18:03:48,523, INFO, Received message: 123213123
2025-03-11 18:03:52,802, INFO, Sent acknowledgement to client.
2025-03-11 18:03:52,805, INFO, Received message: 123213123
2025-03-11 18:03:53,533, INFO, Sent acknowledgement to client.
2025-03-11 18:03:53,535, INFO, Received message: 123213123
2025-03-11 18:03:54,437, INFO, Sent acknowledgement to client.
2025-03-11 18:03:54,438, INFO, Received message: 123213123
2025-03-13 10:25:49,782, INFO, [server started...]
2025-03-13 10:25:49,823, INFO, [31m[1mWARNING: This is a development server. Do not use it in a production deployment. Use a production WSGI server instead.[0m
 * Running on http://localhost:5000
2025-03-13 10:25:49,823, INFO, [33mPress CTRL+C to quit[0m
2025-03-13 10:25:49,823, INFO,  * Restarting with stat
2025-03-13 10:25:52,678, INFO, [server started...]
2025-03-13 10:25:52,700, WARNING,  * Debugger is active!
2025-03-13 10:25:52,709, INFO,  * Debugger PIN: 870-624-759
2025-03-13 10:26:09,066, INFO, 127.0.0.1 - - [13/Mar/2025 10:26:09] "GET /socket.io/?EIO=4&transport=polling&t=PMDKiua HTTP/1.1" 200 -
2025-03-13 10:26:09,084, INFO, 127.0.0.1 - - [13/Mar/2025 10:26:09] "POST /socket.io/?EIO=4&transport=polling&t=PMDKiur&sid=6mCQEWy5if2Gm50xAAAA HTTP/1.1" 200 -
2025-03-13 10:26:09,089, INFO, 127.0.0.1 - - [13/Mar/2025 10:26:09] "GET /socket.io/?EIO=4&transport=polling&t=PMDKius&sid=6mCQEWy5if2Gm50xAAAA HTTP/1.1" 200 -
2025-03-13 10:26:09,097, INFO, 127.0.0.1 - - [13/Mar/2025 10:26:09] "GET /socket.io/?EIO=4&transport=polling&t=PMDKiv5&sid=6mCQEWy5if2Gm50xAAAA HTTP/1.1" 200 -
2025-03-13 10:26:29,538, INFO, Sent acknowledgement to client.
2025-03-13 10:26:29,540, INFO, Received message: 123
2025-03-13 10:35:04,852, INFO,  * Detected change in 'D:\\Junner\\hackersir\\¾Ç³N\\ºô¸ô¥[±K¹ê¾Ô\\web-crypto-combat\\AES-RSA-encrypted\\src\\Flask-Server-main\\app.py', reloading
2025-03-13 10:35:04,952, INFO,  * Restarting with stat
2025-03-13 10:35:06,884, INFO, [server started...]
2025-03-13 10:35:06,895, WARNING,  * Debugger is active!
2025-03-13 10:35:06,899, INFO,  * Debugger PIN: 870-624-759
2025-03-13 10:35:07,096, INFO, 127.0.0.1 - - [13/Mar/2025 10:35:07] "GET /socket.io/?EIO=4&transport=polling&t=PMDMlzc HTTP/1.1" 200 -
2025-03-13 10:35:07,113, INFO, 127.0.0.1 - - [13/Mar/2025 10:35:07] "POST /socket.io/?EIO=4&transport=polling&t=PMDMmFV&sid=S4PQ78gcr-UvskuPAAAA HTTP/1.1" 200 -
2025-03-13 10:35:07,121, INFO, 127.0.0.1 - - [13/Mar/2025 10:35:07] "GET /socket.io/?EIO=4&transport=polling&t=PMDMmFX&sid=S4PQ78gcr-UvskuPAAAA HTTP/1.1" 200 -
2025-03-13 10:35:07,133, INFO, 127.0.0.1 - - [13/Mar/2025 10:35:07] "GET /socket.io/?EIO=4&transport=polling&t=PMDMmFs&sid=S4PQ78gcr-UvskuPAAAA HTTP/1.1" 200 -
2025-03-13 10:35:08,374, INFO,  * Detected change in 'D:\\Junner\\hackersir\\¾Ç³N\\ºô¸ô¥[±K¹ê¾Ô\\web-crypto-combat\\AES-RSA-encrypted\\src\\Flask-Server-main\\app.py', reloading
2025-03-13 10:35:08,463, INFO,  * Restarting with stat
2025-03-13 10:35:10,856, INFO, [server started...]
2025-03-13 10:35:10,865, WARNING,  * Debugger is active!
2025-03-13 10:35:10,870, INFO,  * Debugger PIN: 870-624-759
2025-03-13 10:35:11,028, INFO, 127.0.0.1 - - [13/Mar/2025 10:35:11] "GET /socket.io/?EIO=4&transport=polling&t=PMDMmrj HTTP/1.1" 200 -
2025-03-13 10:35:11,036, INFO, 127.0.0.1 - - [13/Mar/2025 10:35:11] "POST /socket.io/?EIO=4&transport=polling&t=PMDMnCt&sid=aFL6w9Ri0WnrN69QAAAA HTTP/1.1" 200 -
2025-03-13 10:35:11,038, INFO, 127.0.0.1 - - [13/Mar/2025 10:35:11] "GET /socket.io/?EIO=4&transport=polling&t=PMDMnCu&sid=aFL6w9Ri0WnrN69QAAAA HTTP/1.1" 200 -
2025-03-13 10:35:11,047, INFO, 127.0.0.1 - - [13/Mar/2025 10:35:11] "GET /socket.io/?EIO=4&transport=polling&t=PMDMnD4&sid=aFL6w9Ri0WnrN69QAAAA HTTP/1.1" 200 -
2025-03-13 10:35:40,066, INFO,  * Detected change in 'D:\\Junner\\hackersir\\¾Ç³N\\ºô¸ô¥[±K¹ê¾Ô\\web-crypto-combat\\AES-RSA-encrypted\\src\\Flask-Server-main\\app.py', reloading
2025-03-13 10:35:40,146, INFO,  * Restarting with stat
2025-03-13 10:35:43,333, INFO, [server started...]
2025-03-13 10:35:43,347, WARNING,  * Debugger is active!
2025-03-13 10:35:43,353, INFO,  * Debugger PIN: 870-624-759
2025-03-13 10:35:43,522, INFO, 127.0.0.1 - - [13/Mar/2025 10:35:43] "GET /socket.io/?EIO=4&transport=polling&t=PMDMuf8 HTTP/1.1" 200 -
2025-03-13 10:35:43,535, INFO, 127.0.0.1 - - [13/Mar/2025 10:35:43] "POST /socket.io/?EIO=4&transport=polling&t=PMDMv8f&sid=ihPGWFr6lLAI9Z7EAAAA HTTP/1.1" 200 -
2025-03-13 10:35:43,536, INFO, 127.0.0.1 - - [13/Mar/2025 10:35:43] "GET /socket.io/?EIO=4&transport=polling&t=PMDMv8f.0&sid=ihPGWFr6lLAI9Z7EAAAA HTTP/1.1" 200 -
2025-03-13 10:35:43,546, INFO, 127.0.0.1 - - [13/Mar/2025 10:35:43] "GET /socket.io/?EIO=4&transport=polling&t=PMDMv8r&sid=ihPGWFr6lLAI9Z7EAAAA HTTP/1.1" 200 -
2025-03-13 10:35:47,111, INFO,  * Detected change in 'D:\\Junner\\hackersir\\¾Ç³N\\ºô¸ô¥[±K¹ê¾Ô\\web-crypto-combat\\AES-RSA-encrypted\\src\\Flask-Server-main\\app.py', reloading
2025-03-13 10:35:47,196, INFO,  * Restarting with stat
2025-03-13 10:35:49,538, INFO, [server started...]
2025-03-13 10:35:49,549, WARNING,  * Debugger is active!
2025-03-13 10:35:49,554, INFO,  * Debugger PIN: 870-624-759
2025-03-13 10:35:49,714, INFO, 127.0.0.1 - - [13/Mar/2025 10:35:49] "GET /socket.io/?EIO=4&transport=polling&t=PMDMwHh HTTP/1.1" 200 -
2025-03-13 10:35:49,724, INFO, 127.0.0.1 - - [13/Mar/2025 10:35:49] "POST /socket.io/?EIO=4&transport=polling&t=PMDMwfM&sid=nV8zhyRtDd_RBJ1OAAAA HTTP/1.1" 200 -
2025-03-13 10:35:49,725, INFO, 127.0.0.1 - - [13/Mar/2025 10:35:49] "GET /socket.io/?EIO=4&transport=polling&t=PMDMwfO&sid=nV8zhyRtDd_RBJ1OAAAA HTTP/1.1" 200 -
2025-03-13 10:35:49,733, INFO, 127.0.0.1 - - [13/Mar/2025 10:35:49] "GET /socket.io/?EIO=4&transport=polling&t=PMDMwfY&sid=nV8zhyRtDd_RBJ1OAAAA HTTP/1.1" 200 -
2025-03-13 10:36:04,842, INFO,  * Detected change in 'D:\\Junner\\hackersir\\¾Ç³N\\ºô¸ô¥[±K¹ê¾Ô\\web-crypto-combat\\AES-RSA-encrypted\\src\\Flask-Server-main\\app.py', reloading
2025-03-13 10:36:04,925, INFO,  * Restarting with stat
2025-03-13 10:36:06,312, INFO, [server started...]
2025-03-13 10:36:06,323, WARNING,  * Debugger is active!
2025-03-13 10:36:06,328, INFO,  * Debugger PIN: 870-624-759
2025-03-13 10:36:06,499, INFO, 127.0.0.1 - - [13/Mar/2025 10:36:06] "GET /socket.io/?EIO=4&transport=polling&t=PMDM-gp HTTP/1.1" 200 -
2025-03-13 10:36:06,510, INFO, 127.0.0.1 - - [13/Mar/2025 10:36:06] "POST /socket.io/?EIO=4&transport=polling&t=PMDM-lc&sid=OjQvG-4y-m_vMSz9AAAA HTTP/1.1" 200 -
2025-03-13 10:36:06,511, INFO, 127.0.0.1 - - [13/Mar/2025 10:36:06] "GET /socket.io/?EIO=4&transport=polling&t=PMDM-ld&sid=OjQvG-4y-m_vMSz9AAAA HTTP/1.1" 200 -
2025-03-13 10:36:06,518, INFO, 127.0.0.1 - - [13/Mar/2025 10:36:06] "GET /socket.io/?EIO=4&transport=polling&t=PMDM-lo&sid=OjQvG-4y-m_vMSz9AAAA HTTP/1.1" 200 -
2025-03-13 10:36:07,782, INFO,  * Detected change in 'D:\\Junner\\hackersir\\¾Ç³N\\ºô¸ô¥[±K¹ê¾Ô\\web-crypto-combat\\AES-RSA-encrypted\\src\\Flask-Server-main\\app.py', reloading
2025-03-13 10:36:07,859, INFO,  * Restarting with stat
2025-03-13 10:38:40,140, INFO, [server started...]
2025-03-13 10:38:40,163, INFO, [31m[1mWARNING: This is a development server. Do not use it in a production deployment. Use a production WSGI server instead.[0m
 * Running on http://localhost:5000
2025-03-13 10:38:40,164, INFO, [33mPress CTRL+C to quit[0m
2025-03-13 10:38:40,164, INFO,  * Restarting with stat
2025-03-13 10:38:41,964, INFO, [server started...]
2025-03-13 10:38:41,973, WARNING,  * Debugger is active!
2025-03-13 10:38:41,977, INFO,  * Debugger PIN: 870-624-759
2025-03-13 10:38:42,138, INFO, 127.0.0.1 - - [13/Mar/2025 10:38:42] "GET /socket.io/?EIO=4&transport=polling&t=PMDNaJf HTTP/1.1" 200 -
2025-03-13 10:38:42,147, INFO, 127.0.0.1 - - [13/Mar/2025 10:38:42] "POST /socket.io/?EIO=4&transport=polling&t=PMDNalT&sid=VmwNA0pkCZSMfD2QAAAA HTTP/1.1" 200 -
2025-03-13 10:38:42,149, INFO, 127.0.0.1 - - [13/Mar/2025 10:38:42] "GET /socket.io/?EIO=4&transport=polling&t=PMDNalT.0&sid=VmwNA0pkCZSMfD2QAAAA HTTP/1.1" 200 -
2025-03-13 10:38:42,159, INFO, 127.0.0.1 - - [13/Mar/2025 10:38:42] "GET /socket.io/?EIO=4&transport=polling&t=PMDNalh&sid=VmwNA0pkCZSMfD2QAAAA HTTP/1.1" 200 -
2025-03-13 10:39:30,493, INFO, 127.0.0.1 - - [13/Mar/2025 10:39:30] "GET /socket.io/?EIO=4&transport=websocket&sid=VmwNA0pkCZSMfD2QAAAA HTTP/1.1" 200 -
2025-03-13 10:39:30,549, INFO, 127.0.0.1 - - [13/Mar/2025 10:39:30] "GET /socket.io/?EIO=4&transport=polling&t=PMDNmZn HTTP/1.1" 200 -
2025-03-13 10:39:30,567, INFO, 127.0.0.1 - - [13/Mar/2025 10:39:30] "POST /socket.io/?EIO=4&transport=polling&t=PMDNma0&sid=15M-6UICItIFM9bLAAAC HTTP/1.1" 200 -
2025-03-13 10:39:30,568, INFO, 127.0.0.1 - - [13/Mar/2025 10:39:30] "GET /socket.io/?EIO=4&transport=polling&t=PMDNma0.0&sid=15M-6UICItIFM9bLAAAC HTTP/1.1" 200 -
2025-03-13 10:39:30,587, INFO, 127.0.0.1 - - [13/Mar/2025 10:39:30] "GET /socket.io/?EIO=4&transport=polling&t=PMDNmaO&sid=15M-6UICItIFM9bLAAAC HTTP/1.1" 200 -
2025-03-13 10:46:54,851, INFO,  * Detected change in 'D:\\Junner\\hackersir\\¾Ç³N\\ºô¸ô¥[±K¹ê¾Ô\\web-crypto-combat\\AES-RSA-encrypted\\src\\Flask-Server-main\\app.py', reloading
2025-03-13 10:46:54,936, INFO,  * Restarting with stat
2025-03-13 10:46:57,375, INFO, [server started...]
2025-03-13 10:46:57,385, WARNING,  * Debugger is active!
2025-03-13 10:46:57,389, INFO,  * Debugger PIN: 870-624-759
2025-03-13 10:46:57,558, INFO, 127.0.0.1 - - [13/Mar/2025 10:46:57] "GET /socket.io/?EIO=4&transport=polling&t=PMDPTJ1 HTTP/1.1" 200 -
2025-03-13 10:46:57,571, INFO, 127.0.0.1 - - [13/Mar/2025 10:46:57] "POST /socket.io/?EIO=4&transport=polling&t=PMDPTiR&sid=GAfHNc_BZZzBmsZfAAAA HTTP/1.1" 200 -
2025-03-13 10:46:57,572, INFO, 127.0.0.1 - - [13/Mar/2025 10:46:57] "GET /socket.io/?EIO=4&transport=polling&t=PMDPTiT&sid=GAfHNc_BZZzBmsZfAAAA HTTP/1.1" 200 -
2025-03-13 10:46:57,582, INFO, 127.0.0.1 - - [13/Mar/2025 10:46:57] "GET /socket.io/?EIO=4&transport=polling&t=PMDPTig&sid=GAfHNc_BZZzBmsZfAAAA HTTP/1.1" 200 -
2025-03-13 10:58:30,279, INFO, 127.0.0.1 - - [13/Mar/2025 10:58:30] "GET /socket.io/?EIO=4&transport=websocket&sid=GAfHNc_BZZzBmsZfAAAA HTTP/1.1" 200 -
2025-03-13 10:58:30,430, INFO, 127.0.0.1 - - [13/Mar/2025 10:58:30] "GET /socket.io/?EIO=4&transport=polling&t=PMDS6sO HTTP/1.1" 200 -
2025-03-13 10:58:30,451, INFO, 127.0.0.1 - - [13/Mar/2025 10:58:30] "POST /socket.io/?EIO=4&transport=polling&t=PMDS6sb&sid=n_eiw0PXU7v8jU0tAAAC HTTP/1.1" 200 -
2025-03-13 10:58:30,453, INFO, 127.0.0.1 - - [13/Mar/2025 10:58:30] "GET /socket.io/?EIO=4&transport=polling&t=PMDS6sc&sid=n_eiw0PXU7v8jU0tAAAC HTTP/1.1" 200 -
2025-03-13 10:58:30,464, INFO, 127.0.0.1 - - [13/Mar/2025 10:58:30] "GET /socket.io/?EIO=4&transport=polling&t=PMDS6sz&sid=n_eiw0PXU7v8jU0tAAAC HTTP/1.1" 200 -
2025-03-13 11:01:18,342, INFO, 127.0.0.1 - - [13/Mar/2025 11:01:18] "GET /socket.io/?EIO=4&transport=websocket&sid=n_eiw0PXU7v8jU0tAAAC HTTP/1.1" 200 -
2025-03-13 11:01:18,403, INFO, 127.0.0.1 - - [13/Mar/2025 11:01:18] "GET /socket.io/?EIO=4&transport=polling&t=PMDSlsz HTTP/1.1" 200 -
2025-03-13 11:01:18,418, INFO, 127.0.0.1 - - [13/Mar/2025 11:01:18] "POST /socket.io/?EIO=4&transport=polling&t=PMDSlt9&sid=S6nL8J1R7D4ZBQpiAAAE HTTP/1.1" 200 -
2025-03-13 11:01:18,424, INFO, 127.0.0.1 - - [13/Mar/2025 11:01:18] "GET /socket.io/?EIO=4&transport=polling&t=PMDSlt9.0&sid=S6nL8J1R7D4ZBQpiAAAE HTTP/1.1" 200 -
2025-03-13 11:01:18,443, INFO, 127.0.0.1 - - [13/Mar/2025 11:01:18] "GET /socket.io/?EIO=4&transport=polling&t=PMDSltX&sid=S6nL8J1R7D4ZBQpiAAAE HTTP/1.1" 200 -
2025-03-13 11:01:18,445, INFO, 127.0.0.1 - - [13/Mar/2025 11:01:18] "POST /socket.io/?EIO=4&transport=polling&t=PMDSltX.0&sid=S6nL8J1R7D4ZBQpiAAAE HTTP/1.1" 200 -
2025-03-13 11:01:59,340, INFO, 127.0.0.1 - - [13/Mar/2025 11:01:59] "GET /socket.io/?EIO=4&transport=websocket&sid=S6nL8J1R7D4ZBQpiAAAE HTTP/1.1" 200 -
2025-03-13 11:01:59,544, INFO, 127.0.0.1 - - [13/Mar/2025 11:01:59] "GET /socket.io/?EIO=4&transport=polling&t=PMDSvvL HTTP/1.1" 200 -
2025-03-13 11:01:59,570, INFO, 127.0.0.1 - - [13/Mar/2025 11:01:59] "POST /socket.io/?EIO=4&transport=polling&t=PMDSvw2&sid=pvN5bWkhBG_jv2vmAAAG HTTP/1.1" 200 -
2025-03-13 11:01:59,576, INFO, 127.0.0.1 - - [13/Mar/2025 11:01:59] "GET /socket.io/?EIO=4&transport=polling&t=PMDSvw4&sid=pvN5bWkhBG_jv2vmAAAG HTTP/1.1" 200 -
2025-03-13 11:01:59,610, INFO, 127.0.0.1 - - [13/Mar/2025 11:01:59] "GET /socket.io/?EIO=4&transport=polling&t=PMDSvwq&sid=pvN5bWkhBG_jv2vmAAAG HTTP/1.1" 200 -
2025-03-13 11:01:59,616, INFO, 127.0.0.1 - - [13/Mar/2025 11:01:59] "POST /socket.io/?EIO=4&transport=polling&t=PMDSvwr&sid=pvN5bWkhBG_jv2vmAAAG HTTP/1.1" 200 -
2025-03-13 11:07:36,461, INFO, 127.0.0.1 - - [13/Mar/2025 11:07:36] "GET /socket.io/?EIO=4&transport=websocket&sid=pvN5bWkhBG_jv2vmAAAG HTTP/1.1" 200 -
2025-03-13 11:07:36,586, INFO, 127.0.0.1 - - [13/Mar/2025 11:07:36] "GET /socket.io/?EIO=4&transport=polling&t=PMDUCB_ HTTP/1.1" 200 -
2025-03-13 11:07:36,615, INFO, 127.0.0.1 - - [13/Mar/2025 11:07:36] "POST /socket.io/?EIO=4&transport=polling&t=PMDUCCP&sid=uEh1rvTaakKvSj6IAAAI HTTP/1.1" 200 -
2025-03-13 11:07:36,616, INFO, 127.0.0.1 - - [13/Mar/2025 11:07:36] "GET /socket.io/?EIO=4&transport=polling&t=PMDUCCS&sid=uEh1rvTaakKvSj6IAAAI HTTP/1.1" 200 -
2025-03-13 11:07:36,664, INFO, 127.0.0.1 - - [13/Mar/2025 11:07:36] "GET /socket.io/?EIO=4&transport=polling&t=PMDUCD0&sid=uEh1rvTaakKvSj6IAAAI HTTP/1.1" 200 -
2025-03-13 11:07:36,667, INFO, 127.0.0.1 - - [13/Mar/2025 11:07:36] "POST /socket.io/?EIO=4&transport=polling&t=PMDUCD1&sid=uEh1rvTaakKvSj6IAAAI HTTP/1.1" 200 -
2025-03-13 11:07:39,625, INFO, Sent acknowledgement to client.
2025-03-13 11:08:10,785, INFO, Sent acknowledgement to client.
2025-03-13 11:13:31,714, INFO, Sent acknowledgement to client.
2025-03-13 11:14:39,450, INFO, 127.0.0.1 - - [13/Mar/2025 11:14:39] "GET /socket.io/?EIO=4&transport=websocket&sid=uEh1rvTaakKvSj6IAAAI HTTP/1.1" 200 -
2025-03-13 11:14:39,639, INFO, 127.0.0.1 - - [13/Mar/2025 11:14:39] "GET /socket.io/?EIO=4&transport=polling&t=PMDVpUF HTTP/1.1" 200 -
2025-03-13 11:14:39,668, INFO, 127.0.0.1 - - [13/Mar/2025 11:14:39] "POST /socket.io/?EIO=4&transport=polling&t=PMDVpUZ&sid=x7u-3U0mjrjCyaZQAAAK HTTP/1.1" 200 -
2025-03-13 11:14:39,669, INFO, 127.0.0.1 - - [13/Mar/2025 11:14:39] "GET /socket.io/?EIO=4&transport=polling&t=PMDVpUb&sid=x7u-3U0mjrjCyaZQAAAK HTTP/1.1" 200 -
2025-03-13 11:14:39,716, INFO, 127.0.0.1 - - [13/Mar/2025 11:14:39] "GET /socket.io/?EIO=4&transport=polling&t=PMDVpVF&sid=x7u-3U0mjrjCyaZQAAAK HTTP/1.1" 200 -
2025-03-13 11:14:39,718, INFO, 127.0.0.1 - - [13/Mar/2025 11:14:39] "POST /socket.io/?EIO=4&transport=polling&t=PMDVpVF.0&sid=x7u-3U0mjrjCyaZQAAAK HTTP/1.1" 200 -
2025-03-13 11:14:40,664, INFO, Sent acknowledgement to client.
2025-03-13 11:14:44,792, INFO, Sent acknowledgement to client.
2025-03-13 11:16:11,585, INFO, [server started...]
2025-03-13 11:16:11,611, INFO, [31m[1mWARNING: This is a development server. Do not use it in a production deployment. Use a production WSGI server instead.[0m
 * Running on http://localhost:5000
2025-03-13 11:16:11,611, INFO, [33mPress CTRL+C to quit[0m
2025-03-13 11:16:11,611, INFO,  * Restarting with stat
2025-03-13 11:16:12,782, INFO, [server started...]
2025-03-13 11:16:12,793, WARNING,  * Debugger is active!
2025-03-13 11:16:12,798, INFO,  * Debugger PIN: 870-624-759
2025-03-13 11:16:12,961, INFO, 127.0.0.1 - - [13/Mar/2025 11:16:12] "GET /socket.io/?EIO=4&transport=polling&t=PMDWA6r HTTP/1.1" 200 -
2025-03-13 11:16:12,971, INFO, 127.0.0.1 - - [13/Mar/2025 11:16:12] "POST /socket.io/?EIO=4&transport=polling&t=PMDWAGb&sid=k6dN18OmvJ2da6fEAAAA HTTP/1.1" 200 -
2025-03-13 11:16:12,978, INFO, 127.0.0.1 - - [13/Mar/2025 11:16:12] "GET /socket.io/?EIO=4&transport=polling&t=PMDWAGe&sid=k6dN18OmvJ2da6fEAAAA HTTP/1.1" 200 -
2025-03-13 11:16:12,989, INFO, 127.0.0.1 - - [13/Mar/2025 11:16:12] "GET /socket.io/?EIO=4&transport=polling&t=PMDWAGu&sid=k6dN18OmvJ2da6fEAAAA HTTP/1.1" 200 -
2025-03-13 11:16:16,420, INFO, 127.0.0.1 - - [13/Mar/2025 11:16:16] "GET /socket.io/?EIO=4&transport=websocket&sid=k6dN18OmvJ2da6fEAAAA HTTP/1.1" 200 -
2025-03-13 11:16:16,530, INFO, 127.0.0.1 - - [13/Mar/2025 11:16:16] "GET /socket.io/?EIO=4&transport=polling&t=PMDWB83 HTTP/1.1" 200 -
2025-03-13 11:16:16,561, INFO, 127.0.0.1 - - [13/Mar/2025 11:16:16] "POST /socket.io/?EIO=4&transport=polling&t=PMDWB8V&sid=FUCO1-hJzniLuJDxAAAC HTTP/1.1" 200 -
2025-03-13 11:16:16,562, INFO, 127.0.0.1 - - [13/Mar/2025 11:16:16] "GET /socket.io/?EIO=4&transport=polling&t=PMDWB8X&sid=FUCO1-hJzniLuJDxAAAC HTTP/1.1" 200 -
2025-03-13 11:16:16,602, INFO, 127.0.0.1 - - [13/Mar/2025 11:16:16] "GET /socket.io/?EIO=4&transport=polling&t=PMDWB98&sid=FUCO1-hJzniLuJDxAAAC HTTP/1.1" 200 -
2025-03-13 11:16:16,607, INFO, 127.0.0.1 - - [13/Mar/2025 11:16:16] "POST /socket.io/?EIO=4&transport=polling&t=PMDWB99&sid=FUCO1-hJzniLuJDxAAAC HTTP/1.1" 200 -
2025-03-13 11:16:34,121, INFO, Sent acknowledgement to client.
2025-03-13 11:18:18,700, INFO, 127.0.0.1 - - [13/Mar/2025 11:18:18] "GET /socket.io/?EIO=4&transport=websocket&sid=FUCO1-hJzniLuJDxAAAC HTTP/1.1" 200 -
2025-03-13 11:18:18,783, INFO, 127.0.0.1 - - [13/Mar/2025 11:18:18] "GET /socket.io/?EIO=4&transport=polling&t=PMDWe-M HTTP/1.1" 200 -
2025-03-13 11:18:18,809, INFO, 127.0.0.1 - - [13/Mar/2025 11:18:18] "POST /socket.io/?EIO=4&transport=polling&t=PMDWe-i&sid=8ci7-fDldK_meZleAAAE HTTP/1.1" 200 -
2025-03-13 11:18:18,813, INFO, 127.0.0.1 - - [13/Mar/2025 11:18:18] "GET /socket.io/?EIO=4&transport=polling&t=PMDWe-j&sid=8ci7-fDldK_meZleAAAE HTTP/1.1" 200 -
2025-03-13 11:18:18,852, INFO, 127.0.0.1 - - [13/Mar/2025 11:18:18] "GET /socket.io/?EIO=4&transport=polling&t=PMDWe_8&sid=8ci7-fDldK_meZleAAAE HTTP/1.1" 200 -
2025-03-13 11:18:18,854, INFO, 127.0.0.1 - - [13/Mar/2025 11:18:18] "POST /socket.io/?EIO=4&transport=polling&t=PMDWe_9&sid=8ci7-fDldK_meZleAAAE HTTP/1.1" 200 -
2025-03-13 11:18:20,969, INFO, Sent acknowledgement to client.
2025-03-13 11:19:26,363, INFO,  * Detected change in 'D:\\Junner\\hackersir\\¾Ç³N\\ºô¸ô¥[±K¹ê¾Ô\\web-crypto-combat\\AES-RSA-encrypted\\src\\Flask-Server-main\\app.py', reloading
2025-03-13 11:19:26,445, INFO,  * Restarting with stat
2025-03-13 11:19:28,223, INFO, [server started...]
2025-03-13 11:19:28,236, WARNING,  * Debugger is active!
2025-03-13 11:19:28,239, INFO,  * Debugger PIN: 870-624-759
2025-03-13 11:19:28,410, INFO, 127.0.0.1 - - [13/Mar/2025 11:19:28] "GET /socket.io/?EIO=4&transport=polling&t=PMDWvq3 HTTP/1.1" 200 -
2025-03-13 11:19:28,425, INFO, 127.0.0.1 - - [13/Mar/2025 11:19:28] "POST /socket.io/?EIO=4&transport=polling&t=PMDWv-W&sid=9hWYUygDKij6N70HAAAA HTTP/1.1" 200 -
2025-03-13 11:19:28,431, INFO, 127.0.0.1 - - [13/Mar/2025 11:19:28] "GET /socket.io/?EIO=4&transport=polling&t=PMDWv-Z&sid=9hWYUygDKij6N70HAAAA HTTP/1.1" 200 -
2025-03-13 11:19:28,448, INFO, 127.0.0.1 - - [13/Mar/2025 11:19:28] "GET /socket.io/?EIO=4&transport=polling&t=PMDWv-v&sid=9hWYUygDKij6N70HAAAA HTTP/1.1" 200 -
2025-03-13 11:19:29,717, INFO,  * Detected change in 'D:\\Junner\\hackersir\\¾Ç³N\\ºô¸ô¥[±K¹ê¾Ô\\web-crypto-combat\\AES-RSA-encrypted\\src\\Flask-Server-main\\app.py', reloading
2025-03-13 11:19:29,798, INFO,  * Restarting with stat
2025-03-13 11:19:31,742, INFO, [server started...]
2025-03-13 11:19:31,754, WARNING,  * Debugger is active!
2025-03-13 11:19:31,758, INFO,  * Debugger PIN: 870-624-759
2025-03-13 11:19:31,923, INFO, 127.0.0.1 - - [13/Mar/2025 11:19:31] "GET /socket.io/?EIO=4&transport=polling&t=PMDWwZl HTTP/1.1" 200 -
2025-03-13 11:19:31,936, INFO, 127.0.0.1 - - [13/Mar/2025 11:19:31] "POST /socket.io/?EIO=4&transport=polling&t=PMDWwrN&sid=Y30w8P3pMWI5QeByAAAA HTTP/1.1" 200 -
2025-03-13 11:19:31,942, INFO, 127.0.0.1 - - [13/Mar/2025 11:19:31] "GET /socket.io/?EIO=4&transport=polling&t=PMDWwrR&sid=Y30w8P3pMWI5QeByAAAA HTTP/1.1" 200 -
2025-03-13 11:19:31,955, INFO, 127.0.0.1 - - [13/Mar/2025 11:19:31] "GET /socket.io/?EIO=4&transport=polling&t=PMDWwrk&sid=Y30w8P3pMWI5QeByAAAA HTTP/1.1" 200 -
2025-03-13 11:19:34,400, INFO,  * Detected change in 'D:\\Junner\\hackersir\\¾Ç³N\\ºô¸ô¥[±K¹ê¾Ô\\web-crypto-combat\\AES-RSA-encrypted\\src\\Flask-Server-main\\app.py', reloading
2025-03-13 11:19:34,479, INFO,  * Restarting with stat
2025-03-13 11:19:36,124, INFO, [server started...]
2025-03-13 11:19:36,133, WARNING,  * Debugger is active!
2025-03-13 11:19:36,138, INFO,  * Debugger PIN: 870-624-759
2025-03-13 11:19:36,295, INFO, 127.0.0.1 - - [13/Mar/2025 11:19:36] "GET /socket.io/?EIO=4&transport=polling&t=PMDWxi_ HTTP/1.1" 200 -
2025-03-13 11:19:36,306, INFO, 127.0.0.1 - - [13/Mar/2025 11:19:36] "POST /socket.io/?EIO=4&transport=polling&t=PMDWxvi&sid=JEgPdMpUtX_ixofcAAAA HTTP/1.1" 200 -
2025-03-13 11:19:36,312, INFO, 127.0.0.1 - - [13/Mar/2025 11:19:36] "GET /socket.io/?EIO=4&transport=polling&t=PMDWxvk&sid=JEgPdMpUtX_ixofcAAAA HTTP/1.1" 200 -
2025-03-13 11:19:36,323, INFO, 127.0.0.1 - - [13/Mar/2025 11:19:36] "GET /socket.io/?EIO=4&transport=polling&t=PMDWxv_&sid=JEgPdMpUtX_ixofcAAAA HTTP/1.1" 200 -
2025-03-13 11:19:49,144, INFO,  * Detected change in 'D:\\Junner\\hackersir\\¾Ç³N\\ºô¸ô¥[±K¹ê¾Ô\\web-crypto-combat\\AES-RSA-encrypted\\src\\Flask-Server-main\\app.py', reloading
2025-03-13 11:19:49,231, INFO,  * Restarting with stat
2025-03-13 11:19:51,308, INFO, [server started...]
2025-03-13 11:19:51,320, WARNING,  * Debugger is active!
2025-03-13 11:19:51,326, INFO,  * Debugger PIN: 870-624-759
2025-03-13 11:19:51,487, INFO, 127.0.0.1 - - [13/Mar/2025 11:19:51] "GET /socket.io/?EIO=4&transport=polling&t=PMDW_Pd HTTP/1.1" 200 -
2025-03-13 11:19:51,501, INFO, 127.0.0.1 - - [13/Mar/2025 11:19:51] "POST /socket.io/?EIO=4&transport=polling&t=PMDW_d4&sid=lqjrRWEFmCX9S8SQAAAA HTTP/1.1" 200 -
2025-03-13 11:19:51,502, INFO, 127.0.0.1 - - [13/Mar/2025 11:19:51] "GET /socket.io/?EIO=4&transport=polling&t=PMDW_d6&sid=lqjrRWEFmCX9S8SQAAAA HTTP/1.1" 200 -
2025-03-13 11:19:51,520, INFO, 127.0.0.1 - - [13/Mar/2025 11:19:51] "GET /socket.io/?EIO=4&transport=polling&t=PMDW_dN&sid=lqjrRWEFmCX9S8SQAAAA HTTP/1.1" 200 -
2025-03-13 11:19:52,786, INFO,  * Detected change in 'D:\\Junner\\hackersir\\¾Ç³N\\ºô¸ô¥[±K¹ê¾Ô\\web-crypto-combat\\AES-RSA-encrypted\\src\\Flask-Server-main\\app.py', reloading
2025-03-13 11:19:52,864, INFO,  * Restarting with stat
2025-03-13 11:19:54,907, INFO, [server started...]
2025-03-13 11:19:54,918, WARNING,  * Debugger is active!
2025-03-13 11:19:54,923, INFO,  * Debugger PIN: 870-624-759
2025-03-13 11:19:55,087, INFO, 127.0.0.1 - - [13/Mar/2025 11:19:55] "GET /socket.io/?EIO=4&transport=polling&t=PMDX0CE HTTP/1.1" 200 -
2025-03-13 11:19:55,102, INFO, 127.0.0.1 - - [13/Mar/2025 11:19:55] "POST /socket.io/?EIO=4&transport=polling&t=PMDX0VL&sid=pnNIO9RL_U-3aVt0AAAA HTTP/1.1" 200 -
2025-03-13 11:19:55,110, INFO, 127.0.0.1 - - [13/Mar/2025 11:19:55] "GET /socket.io/?EIO=4&transport=polling&t=PMDX0VO&sid=pnNIO9RL_U-3aVt0AAAA HTTP/1.1" 200 -
2025-03-13 11:19:55,130, INFO, 127.0.0.1 - - [13/Mar/2025 11:19:55] "GET /socket.io/?EIO=4&transport=polling&t=PMDX0Vm&sid=pnNIO9RL_U-3aVt0AAAA HTTP/1.1" 200 -
2025-03-13 11:20:09,180, INFO,  * Detected change in 'D:\\Junner\\hackersir\\¾Ç³N\\ºô¸ô¥[±K¹ê¾Ô\\web-crypto-combat\\AES-RSA-encrypted\\src\\Flask-Server-main\\app.py', reloading
2025-03-13 11:20:09,281, INFO,  * Restarting with stat
2025-03-13 11:20:10,868, INFO, [server started...]
2025-03-13 11:20:10,880, WARNING,  * Debugger is active!
2025-03-13 11:20:10,884, INFO,  * Debugger PIN: 870-624-759
2025-03-13 11:20:11,070, INFO, 127.0.0.1 - - [13/Mar/2025 11:20:11] "GET /socket.io/?EIO=4&transport=polling&t=PMDX4CI HTTP/1.1" 200 -
2025-03-13 11:20:11,085, INFO, 127.0.0.1 - - [13/Mar/2025 11:20:11] "POST /socket.io/?EIO=4&transport=polling&t=PMDX4P4&sid=YSUEBDOVTbqOsDsgAAAA HTTP/1.1" 200 -
2025-03-13 11:20:11,089, INFO, 127.0.0.1 - - [13/Mar/2025 11:20:11] "GET /socket.io/?EIO=4&transport=polling&t=PMDX4P7&sid=YSUEBDOVTbqOsDsgAAAA HTTP/1.1" 200 -
2025-03-13 11:20:11,100, INFO, 127.0.0.1 - - [13/Mar/2025 11:20:11] "GET /socket.io/?EIO=4&transport=polling&t=PMDX4PM&sid=YSUEBDOVTbqOsDsgAAAA HTTP/1.1" 200 -
2025-03-13 11:20:12,383, INFO,  * Detected change in 'D:\\Junner\\hackersir\\¾Ç³N\\ºô¸ô¥[±K¹ê¾Ô\\web-crypto-combat\\AES-RSA-encrypted\\src\\Flask-Server-main\\app.py', reloading
2025-03-13 11:20:12,467, INFO,  * Restarting with stat
2025-03-13 11:20:15,046, INFO, [server started...]
2025-03-13 11:20:15,054, WARNING,  * Debugger is active!
2025-03-13 11:20:15,059, INFO,  * Debugger PIN: 870-624-759
2025-03-13 11:20:15,219, INFO, 127.0.0.1 - - [13/Mar/2025 11:20:15] "GET /socket.io/?EIO=4&transport=polling&t=PMDX4-S HTTP/1.1" 200 -
2025-03-13 11:20:15,231, INFO, 127.0.0.1 - - [13/Mar/2025 11:20:15] "POST /socket.io/?EIO=4&transport=polling&t=PMDX5Pt&sid=I5KpACsRIqpTE2jwAAAA HTTP/1.1" 200 -
2025-03-13 11:20:15,234, INFO, 127.0.0.1 - - [13/Mar/2025 11:20:15] "GET /socket.io/?EIO=4&transport=polling&t=PMDX5Pv&sid=I5KpACsRIqpTE2jwAAAA HTTP/1.1" 200 -
2025-03-13 11:20:15,247, INFO, 127.0.0.1 - - [13/Mar/2025 11:20:15] "GET /socket.io/?EIO=4&transport=polling&t=PMDX5QA&sid=I5KpACsRIqpTE2jwAAAA HTTP/1.1" 200 -
2025-03-13 11:20:17,666, INFO,  * Detected change in 'D:\\Junner\\hackersir\\¾Ç³N\\ºô¸ô¥[±K¹ê¾Ô\\web-crypto-combat\\AES-RSA-encrypted\\src\\Flask-Server-main\\app.py', reloading
2025-03-13 11:20:17,754, INFO,  * Restarting with stat
2025-03-13 11:20:19,263, INFO, [server started...]
2025-03-13 11:20:19,273, WARNING,  * Debugger is active!
2025-03-13 11:20:19,277, INFO,  * Debugger PIN: 870-624-759
2025-03-13 11:20:19,441, INFO, 127.0.0.1 - - [13/Mar/2025 11:20:19] "GET /socket.io/?EIO=4&transport=polling&t=PMDX6G_ HTTP/1.1" 200 -
2025-03-13 11:20:19,454, INFO, 127.0.0.1 - - [13/Mar/2025 11:20:19] "POST /socket.io/?EIO=4&transport=polling&t=PMDX6Rs&sid=oSjqs25ccjyW-AK4AAAA HTTP/1.1" 200 -
2025-03-13 11:20:19,457, INFO, 127.0.0.1 - - [13/Mar/2025 11:20:19] "GET /socket.io/?EIO=4&transport=polling&t=PMDX6Rv&sid=oSjqs25ccjyW-AK4AAAA HTTP/1.1" 200 -
2025-03-13 11:20:19,468, INFO, 127.0.0.1 - - [13/Mar/2025 11:20:19] "GET /socket.io/?EIO=4&transport=polling&t=PMDX6S6&sid=oSjqs25ccjyW-AK4AAAA HTTP/1.1" 200 -
2025-03-13 11:20:24,172, INFO,  * Detected change in 'D:\\Junner\\hackersir\\¾Ç³N\\ºô¸ô¥[±K¹ê¾Ô\\web-crypto-combat\\AES-RSA-encrypted\\src\\Flask-Server-main\\app.py', reloading
2025-03-13 11:20:24,257, INFO,  * Restarting with stat
2025-03-13 11:20:27,655, INFO, [server started...]
2025-03-13 11:20:27,666, WARNING,  * Debugger is active!
2025-03-13 11:20:27,669, INFO,  * Debugger PIN: 870-624-759
2025-03-13 11:20:27,842, INFO, 127.0.0.1 - - [13/Mar/2025 11:20:27] "GET /socket.io/?EIO=4&transport=polling&t=PMDX7sf HTTP/1.1" 200 -
2025-03-13 11:20:27,853, INFO, 127.0.0.1 - - [13/Mar/2025 11:20:27] "POST /socket.io/?EIO=4&transport=polling&t=PMDX8V6&sid=ZsGhu4OHDmzOIOB-AAAA HTTP/1.1" 200 -
2025-03-13 11:20:27,858, INFO, 127.0.0.1 - - [13/Mar/2025 11:20:27] "GET /socket.io/?EIO=4&transport=polling&t=PMDX8V7&sid=ZsGhu4OHDmzOIOB-AAAA HTTP/1.1" 200 -
2025-03-13 11:20:27,870, INFO, 127.0.0.1 - - [13/Mar/2025 11:20:27] "GET /socket.io/?EIO=4&transport=polling&t=PMDX8VO&sid=ZsGhu4OHDmzOIOB-AAAA HTTP/1.1" 200 -
2025-03-13 11:20:30,274, INFO,  * Detected change in 'D:\\Junner\\hackersir\\¾Ç³N\\ºô¸ô¥[±K¹ê¾Ô\\web-crypto-combat\\AES-RSA-encrypted\\src\\Flask-Server-main\\app.py', reloading
2025-03-13 11:20:30,353, INFO,  * Restarting with stat
2025-03-13 11:20:32,103, INFO, [server started...]
2025-03-13 11:20:32,116, WARNING,  * Debugger is active!
2025-03-13 11:20:32,119, INFO,  * Debugger PIN: 870-624-759
2025-03-13 11:20:32,279, INFO, 127.0.0.1 - - [13/Mar/2025 11:20:32] "GET /socket.io/?EIO=4&transport=polling&t=PMDX9NK HTTP/1.1" 200 -
2025-03-13 11:20:32,291, INFO, 127.0.0.1 - - [13/Mar/2025 11:20:32] "POST /socket.io/?EIO=4&transport=polling&t=PMDX9aS&sid=3Bcje3RXywxEAfE2AAAA HTTP/1.1" 200 -
2025-03-13 11:20:32,298, INFO, 127.0.0.1 - - [13/Mar/2025 11:20:32] "GET /socket.io/?EIO=4&transport=polling&t=PMDX9aX&sid=3Bcje3RXywxEAfE2AAAA HTTP/1.1" 200 -
2025-03-13 11:20:32,308, INFO, 127.0.0.1 - - [13/Mar/2025 11:20:32] "GET /socket.io/?EIO=4&transport=polling&t=PMDX9al&sid=3Bcje3RXywxEAfE2AAAA HTTP/1.1" 200 -
2025-03-13 11:20:36,676, INFO, 127.0.0.1 - - [13/Mar/2025 11:20:36] "GET /socket.io/?EIO=4&transport=websocket&sid=3Bcje3RXywxEAfE2AAAA HTTP/1.1" 200 -
2025-03-13 11:20:36,789, INFO, 127.0.0.1 - - [13/Mar/2025 11:20:36] "GET /socket.io/?EIO=4&transport=polling&t=PMDXAgj HTTP/1.1" 200 -
2025-03-13 11:20:36,815, INFO, 127.0.0.1 - - [13/Mar/2025 11:20:36] "POST /socket.io/?EIO=4&transport=polling&t=PMDXAgy&sid=V-CQ_aiXMc-s5FNnAAAC HTTP/1.1" 200 -
2025-03-13 11:20:36,817, INFO, 127.0.0.1 - - [13/Mar/2025 11:20:36] "GET /socket.io/?EIO=4&transport=polling&t=PMDXAg_&sid=V-CQ_aiXMc-s5FNnAAAC HTTP/1.1" 200 -
2025-03-13 11:20:36,863, INFO, 127.0.0.1 - - [13/Mar/2025 11:20:36] "GET /socket.io/?EIO=4&transport=polling&t=PMDXAhU&sid=V-CQ_aiXMc-s5FNnAAAC HTTP/1.1" 200 -
2025-03-13 11:20:36,866, INFO, 127.0.0.1 - - [13/Mar/2025 11:20:36] "POST /socket.io/?EIO=4&transport=polling&t=PMDXAhV&sid=V-CQ_aiXMc-s5FNnAAAC HTTP/1.1" 200 -
2025-03-13 11:20:36,897, INFO, [key exchange] AES Key: b'wjAMUFmjEJTyt3Z3'
2025-03-13 11:21:01,360, INFO,  * Detected change in 'D:\\Junner\\hackersir\\¾Ç³N\\ºô¸ô¥[±K¹ê¾Ô\\web-crypto-combat\\AES-RSA-encrypted\\src\\Flask-Server-main\\app.py', reloading
2025-03-13 11:21:01,439, INFO,  * Restarting with stat
2025-03-13 11:21:18,894, INFO,  * Restarting with stat
2025-03-13 11:21:28,638, INFO,  * Restarting with stat
2025-03-13 11:21:37,347, INFO,  * Restarting with stat
2025-03-13 11:21:44,856, INFO,  * Restarting with stat
2025-03-13 11:22:04,523, INFO,  * Restarting with stat
2025-03-13 11:22:17,417, INFO,  * Restarting with stat
2025-03-13 11:22:27,280, INFO,  * Restarting with stat
2025-03-13 11:22:33,273, INFO,  * Restarting with stat
2025-03-13 11:23:19,364, INFO,  * Restarting with stat
2025-03-13 11:23:38,059, INFO,  * Restarting with stat
2025-03-13 11:23:59,610, INFO,  * Restarting with stat
2025-03-13 11:24:04,342, INFO,  * Restarting with stat
2025-03-13 11:41:56,276, INFO, [server started...]
2025-03-13 11:41:56,300, INFO, [31m[1mWARNING: This is a development server. Do not use it in a production deployment. Use a production WSGI server instead.[0m
 * Running on http://localhost:5000
2025-03-13 11:41:56,300, INFO, [33mPress CTRL+C to quit[0m
2025-03-13 11:41:56,300, INFO,  * Restarting with stat
2025-03-13 11:41:57,418, INFO, [server started...]
2025-03-13 11:41:57,428, WARNING,  * Debugger is active!
2025-03-13 11:41:57,432, INFO,  * Debugger PIN: 870-624-759
2025-03-13 11:41:57,727, INFO, 127.0.0.1 - - [13/Mar/2025 11:41:57] "GET /socket.io/?EIO=4&transport=polling&t=PMDc398 HTTP/1.1" 200 -
2025-03-13 11:41:57,739, INFO, 127.0.0.1 - - [13/Mar/2025 11:41:57] "POST /socket.io/?EIO=4&transport=polling&t=PMDc3Pa&sid=8rpemjO-tbvr1OM3AAAA HTTP/1.1" 200 -
2025-03-13 11:41:57,740, INFO, 127.0.0.1 - - [13/Mar/2025 11:41:57] "GET /socket.io/?EIO=4&transport=polling&t=PMDc3Pa.0&sid=8rpemjO-tbvr1OM3AAAA HTTP/1.1" 200 -
2025-03-13 11:41:57,749, INFO, 127.0.0.1 - - [13/Mar/2025 11:41:57] "GET /socket.io/?EIO=4&transport=polling&t=PMDc3Pm&sid=8rpemjO-tbvr1OM3AAAA HTTP/1.1" 200 -
2025-03-13 11:42:02,072, INFO, 127.0.0.1 - - [13/Mar/2025 11:42:02] "GET /socket.io/?EIO=4&transport=polling&t=PMDc4TF HTTP/1.1" 200 -
2025-03-13 11:42:02,084, INFO, 127.0.0.1 - - [13/Mar/2025 11:42:02] "POST /socket.io/?EIO=4&transport=polling&t=PMDc4TS&sid=jDVaawpoOCGZ9O_uAAAC HTTP/1.1" 200 -
2025-03-13 11:42:02,088, INFO, 127.0.0.1 - - [13/Mar/2025 11:42:02] "GET /socket.io/?EIO=4&transport=polling&t=PMDc4TV&sid=jDVaawpoOCGZ9O_uAAAC HTTP/1.1" 200 -
2025-03-13 11:42:02,104, INFO, 127.0.0.1 - - [13/Mar/2025 11:42:02] "GET /socket.io/?EIO=4&transport=polling&t=PMDc4Tn&sid=jDVaawpoOCGZ9O_uAAAC HTTP/1.1" 200 -
2025-03-13 11:42:03,172, INFO, Sent acknowledgement to client.
2025-03-13 11:42:03,174, INFO, Received message: 123
2025-03-13 11:42:12,039, INFO, Sent acknowledgement to client.
2025-03-13 11:42:12,039, INFO, Received message: 123124
2025-03-13 11:50:24,677, INFO, Sent acknowledgement to client.
2025-03-13 11:50:24,677, INFO, Received message: 123124qvqv43vq3
2025-03-13 11:50:37,150, INFO, 127.0.0.1 - - [13/Mar/2025 11:50:37] "GET /socket.io/?EIO=4&transport=websocket&sid=jDVaawpoOCGZ9O_uAAAC HTTP/1.1" 200 -
2025-03-13 12:05:23,372, INFO,  * Detected change in 'D:\\Junner\\hackersir\\¾Ç³N\\ºô¸ô¥[±K¹ê¾Ô\\web-crypto-combat\\AES-encrypted\\src\\Flask-Server-main\\app.py', reloading
2025-03-13 12:05:23,455, INFO,  * Restarting with stat
2025-03-13 12:05:32,558, INFO, [server started...]
2025-03-13 12:05:32,588, INFO, [31m[1mWARNING: This is a development server. Do not use it in a production deployment. Use a production WSGI server instead.[0m
 * Running on http://localhost:5000
2025-03-13 12:05:32,589, INFO, [33mPress CTRL+C to quit[0m
2025-03-13 12:05:32,589, INFO,  * Restarting with stat
2025-03-13 12:05:33,706, INFO, [server started...]
2025-03-13 12:05:33,715, WARNING,  * Debugger is active!
2025-03-13 12:05:33,720, INFO,  * Debugger PIN: 870-624-759
2025-03-13 12:05:34,938, INFO, 127.0.0.1 - - [13/Mar/2025 12:05:34] "GET /socket.io/?EIO=4&transport=polling&t=PMDhTPJ HTTP/1.1" 200 -
2025-03-13 12:05:34,953, INFO, 127.0.0.1 - - [13/Mar/2025 12:05:34] "POST /socket.io/?EIO=4&transport=polling&t=PMDhTPZ&sid=EQU4PXvEsjVmieUNAAAA HTTP/1.1" 200 -
2025-03-13 12:05:34,954, INFO, 127.0.0.1 - - [13/Mar/2025 12:05:34] "GET /socket.io/?EIO=4&transport=polling&t=PMDhTPa&sid=EQU4PXvEsjVmieUNAAAA HTTP/1.1" 200 -
2025-03-13 12:05:34,966, INFO, 127.0.0.1 - - [13/Mar/2025 12:05:34] "GET /socket.io/?EIO=4&transport=polling&t=PMDhTPo&sid=EQU4PXvEsjVmieUNAAAA HTTP/1.1" 200 -
2025-03-13 12:05:36,581, INFO, Sent acknowledgement to client.
2025-03-13 12:05:36,583, INFO, Received message: 123124qvqv43vq3
2025-03-13 12:05:48,468, INFO, 127.0.0.1 - - [13/Mar/2025 12:05:48] "GET /socket.io/?EIO=4&transport=websocket&sid=EQU4PXvEsjVmieUNAAAA HTTP/1.1" 200 -
2025-03-13 12:05:48,600, INFO, 127.0.0.1 - - [13/Mar/2025 12:05:48] "GET /socket.io/?EIO=4&transport=polling&t=PMDhWkO HTTP/1.1" 200 -
2025-03-13 12:05:48,625, INFO, 127.0.0.1 - - [13/Mar/2025 12:05:48] "POST /socket.io/?EIO=4&transport=polling&t=PMDhWl6&sid=kEXozVqUkKbNICGHAAAC HTTP/1.1" 200 -
2025-03-13 12:05:48,629, INFO, 127.0.0.1 - - [13/Mar/2025 12:05:48] "GET /socket.io/?EIO=4&transport=polling&t=PMDhWl8&sid=kEXozVqUkKbNICGHAAAC HTTP/1.1" 200 -
2025-03-13 12:05:48,644, INFO, 127.0.0.1 - - [13/Mar/2025 12:05:48] "GET /socket.io/?EIO=4&transport=polling&t=PMDhWlS&sid=kEXozVqUkKbNICGHAAAC HTTP/1.1" 200 -
2025-03-13 12:05:52,729, INFO, Sent acknowledgement to client.
2025-03-13 12:05:52,730, INFO, Received message: 123124qvqv43vq3
2025-03-13 12:09:10,435, INFO, 127.0.0.1 - - [13/Mar/2025 12:09:10] "GET /socket.io/?EIO=4&transport=websocket&sid=kEXozVqUkKbNICGHAAAC HTTP/1.1" 200 -
2025-03-13 12:09:10,532, INFO, 127.0.0.1 - - [13/Mar/2025 12:09:10] "GET /socket.io/?EIO=4&transport=polling&t=PMDiI1u HTTP/1.1" 200 -
2025-03-13 12:09:10,560, INFO, 127.0.0.1 - - [13/Mar/2025 12:09:10] "POST /socket.io/?EIO=4&transport=polling&t=PMDiI2L&sid=vzP1MmuSI_EgirOPAAAE HTTP/1.1" 200 -
2025-03-13 12:09:10,563, INFO, 127.0.0.1 - - [13/Mar/2025 12:09:10] "GET /socket.io/?EIO=4&transport=polling&t=PMDiI2O&sid=vzP1MmuSI_EgirOPAAAE HTTP/1.1" 200 -
2025-03-13 12:09:10,578, INFO, 127.0.0.1 - - [13/Mar/2025 12:09:10] "GET /socket.io/?EIO=4&transport=polling&t=PMDiI2h&sid=vzP1MmuSI_EgirOPAAAE HTTP/1.1" 200 -
2025-03-13 12:09:12,404, INFO, Sent acknowledgement to client.
2025-03-13 12:09:12,404, INFO, Received message: 123124qvqv43vq3
2025-03-13 12:26:32,032, INFO,  * Detected change in 'D:\\Junner\\hackersir\\¾Ç³N\\ºô¸ô¥[±K¹ê¾Ô\\web-crypto-combat\\AES-encrypted\\src\\Flask-Server-main\\app.py', reloading
2025-03-13 12:26:32,142, INFO,  * Restarting with stat
2025-03-13 12:26:33,349, INFO, [server started...]
2025-03-13 12:26:33,360, WARNING,  * Debugger is active!
2025-03-13 12:26:33,366, INFO,  * Debugger PIN: 870-624-759
2025-03-13 12:26:33,538, INFO, 127.0.0.1 - - [13/Mar/2025 12:26:33] "GET /socket.io/?EIO=4&transport=polling&t=PMDmGaq HTTP/1.1" 200 -
2025-03-13 12:26:33,552, INFO, 127.0.0.1 - - [13/Mar/2025 12:26:33] "POST /socket.io/?EIO=4&transport=polling&t=PMDmGh7&sid=mKxMZXIoEETbPiZPAAAA HTTP/1.1" 200 -
2025-03-13 12:26:33,561, INFO, 127.0.0.1 - - [13/Mar/2025 12:26:33] "GET /socket.io/?EIO=4&transport=polling&t=PMDmGhB&sid=mKxMZXIoEETbPiZPAAAA HTTP/1.1" 200 -
2025-03-13 12:26:33,575, INFO, 127.0.0.1 - - [13/Mar/2025 12:26:33] "GET /socket.io/?EIO=4&transport=polling&t=PMDmGhX&sid=mKxMZXIoEETbPiZPAAAA HTTP/1.1" 200 -
2025-03-13 12:26:35,970, INFO,  * Detected change in 'D:\\Junner\\hackersir\\¾Ç³N\\ºô¸ô¥[±K¹ê¾Ô\\web-crypto-combat\\AES-encrypted\\src\\Flask-Server-main\\app.py', reloading
2025-03-13 12:26:36,050, INFO,  * Restarting with stat
2025-03-13 12:26:37,194, INFO, [server started...]
2025-03-13 12:26:37,203, WARNING,  * Debugger is active!
2025-03-13 12:26:37,209, INFO,  * Debugger PIN: 870-624-759
2025-03-13 12:26:37,378, INFO, 127.0.0.1 - - [13/Mar/2025 12:26:37] "GET /socket.io/?EIO=4&transport=polling&t=PMDmHXr HTTP/1.1" 200 -
2025-03-13 12:26:37,389, INFO, 127.0.0.1 - - [13/Mar/2025 12:26:37] "POST /socket.io/?EIO=4&transport=polling&t=PMDmHd6&sid=0NsT6yDzEpxahgZqAAAA HTTP/1.1" 200 -
2025-03-13 12:26:37,398, INFO, 127.0.0.1 - - [13/Mar/2025 12:26:37] "GET /socket.io/?EIO=4&transport=polling&t=PMDmHd9&sid=0NsT6yDzEpxahgZqAAAA HTTP/1.1" 200 -
2025-03-13 12:26:37,412, INFO, 127.0.0.1 - - [13/Mar/2025 12:26:37] "GET /socket.io/?EIO=4&transport=polling&t=PMDmHdT&sid=0NsT6yDzEpxahgZqAAAA HTTP/1.1" 200 -
2025-03-13 12:26:37,521, INFO,  * Detected change in 'D:\\Junner\\hackersir\\¾Ç³N\\ºô¸ô¥[±K¹ê¾Ô\\web-crypto-combat\\AES-encrypted\\src\\Flask-Server-main\\app.py', reloading
2025-03-13 12:26:37,605, INFO,  * Restarting with stat
2025-03-13 12:26:38,802, INFO, [server started...]
2025-03-13 12:26:38,813, WARNING,  * Debugger is active!
2025-03-13 12:26:38,818, INFO,  * Debugger PIN: 870-624-759
2025-03-13 12:26:38,978, INFO, 127.0.0.1 - - [13/Mar/2025 12:26:38] "GET /socket.io/?EIO=4&transport=polling&t=PMDmHwH HTTP/1.1" 200 -
2025-03-13 12:26:38,990, INFO, 127.0.0.1 - - [13/Mar/2025 12:26:38] "POST /socket.io/?EIO=4&transport=polling&t=PMDmI07&sid=F7AZM6SxuuTnBiSvAAAA HTTP/1.1" 200 -
2025-03-13 12:26:38,996, INFO, 127.0.0.1 - - [13/Mar/2025 12:26:38] "GET /socket.io/?EIO=4&transport=polling&t=PMDmI09&sid=F7AZM6SxuuTnBiSvAAAA HTTP/1.1" 200 -
2025-03-13 12:26:39,008, INFO, 127.0.0.1 - - [13/Mar/2025 12:26:39] "GET /socket.io/?EIO=4&transport=polling&t=PMDmI0Q&sid=F7AZM6SxuuTnBiSvAAAA HTTP/1.1" 200 -
2025-03-13 12:26:39,122, INFO,  * Detected change in 'D:\\Junner\\hackersir\\¾Ç³N\\ºô¸ô¥[±K¹ê¾Ô\\web-crypto-combat\\AES-encrypted\\src\\Flask-Server-main\\app.py', reloading
2025-03-13 12:26:39,225, INFO,  * Restarting with stat
2025-03-13 12:26:40,351, INFO, [server started...]
2025-03-13 12:26:40,361, WARNING,  * Debugger is active!
2025-03-13 12:26:40,366, INFO,  * Debugger PIN: 870-624-759
2025-03-13 12:26:40,549, INFO, 127.0.0.1 - - [13/Mar/2025 12:26:40] "GET /socket.io/?EIO=4&transport=polling&t=PMDmIJe HTTP/1.1" 200 -
2025-03-13 12:26:40,562, INFO, 127.0.0.1 - - [13/Mar/2025 12:26:40] "POST /socket.io/?EIO=4&transport=polling&t=PMDmIOf&sid=im5qbua9vvfsXQwGAAAA HTTP/1.1" 200 -
2025-03-13 12:26:40,569, INFO, 127.0.0.1 - - [13/Mar/2025 12:26:40] "GET /socket.io/?EIO=4&transport=polling&t=PMDmIOi&sid=im5qbua9vvfsXQwGAAAA HTTP/1.1" 200 -
2025-03-13 12:26:40,582, INFO, 127.0.0.1 - - [13/Mar/2025 12:26:40] "GET /socket.io/?EIO=4&transport=polling&t=PMDmIP1&sid=im5qbua9vvfsXQwGAAAA HTTP/1.1" 200 -
2025-03-13 12:27:05,981, INFO, 127.0.0.1 - - [13/Mar/2025 12:27:05] "GET /socket.io/?EIO=4&transport=websocket&sid=im5qbua9vvfsXQwGAAAA HTTP/1.1" 200 -
2025-03-13 12:27:06,092, INFO, 127.0.0.1 - - [13/Mar/2025 12:27:06] "GET /socket.io/?EIO=4&transport=polling&t=PMDmOdc HTTP/1.1" 200 -
2025-03-13 12:27:06,126, INFO, 127.0.0.1 - - [13/Mar/2025 12:27:06] "POST /socket.io/?EIO=4&transport=polling&t=PMDmOds&sid=_OpoIQWHGTjuwBBHAAAC HTTP/1.1" 200 -
2025-03-13 12:27:06,127, INFO, 127.0.0.1 - - [13/Mar/2025 12:27:06] "GET /socket.io/?EIO=4&transport=polling&t=PMDmOdu&sid=_OpoIQWHGTjuwBBHAAAC HTTP/1.1" 200 -
2025-03-13 12:27:06,146, INFO, 127.0.0.1 - - [13/Mar/2025 12:27:06] "GET /socket.io/?EIO=4&transport=polling&t=PMDmOeR&sid=_OpoIQWHGTjuwBBHAAAC HTTP/1.1" 200 -
2025-03-13 12:27:07,635, INFO, Sent acknowledgement to client.
2025-03-13 12:27:07,636, INFO, Received message: 123124qvqv43vq3
2025-03-13 12:32:04,441, INFO,  * Detected change in 'D:\\Junner\\hackersir\\¾Ç³N\\ºô¸ô¥[±K¹ê¾Ô\\web-crypto-combat\\include\\crypt_functions.py', reloading
2025-03-13 12:32:04,534, INFO,  * Restarting with stat
2025-03-13 12:32:05,619, INFO, [server started...]
2025-03-13 12:32:05,632, WARNING,  * Debugger is active!
2025-03-13 12:32:05,636, INFO,  * Debugger PIN: 870-624-759
2025-03-13 12:32:05,795, INFO, 127.0.0.1 - - [13/Mar/2025 12:32:05] "GET /socket.io/?EIO=4&transport=polling&t=PMDnXkW HTTP/1.1" 200 -
2025-03-13 12:32:05,808, INFO, 127.0.0.1 - - [13/Mar/2025 12:32:05] "POST /socket.io/?EIO=4&transport=polling&t=PMDnXoe&sid=22FxA-CElFT82Wv6AAAA HTTP/1.1" 200 -
2025-03-13 12:32:05,816, INFO, 127.0.0.1 - - [13/Mar/2025 12:32:05] "GET /socket.io/?EIO=4&transport=polling&t=PMDnXoh&sid=22FxA-CElFT82Wv6AAAA HTTP/1.1" 200 -
2025-03-13 12:32:05,829, INFO, 127.0.0.1 - - [13/Mar/2025 12:32:05] "GET /socket.io/?EIO=4&transport=polling&t=PMDnXp0&sid=22FxA-CElFT82Wv6AAAA HTTP/1.1" 200 -
2025-03-13 12:32:13,991, INFO,  * Detected change in 'D:\\Junner\\hackersir\\¾Ç³N\\ºô¸ô¥[±K¹ê¾Ô\\web-crypto-combat\\include\\crypt_functions.py', reloading
2025-03-13 12:32:14,069, INFO,  * Restarting with stat
2025-03-13 12:32:15,270, INFO, [server started...]
2025-03-13 12:32:15,280, WARNING,  * Debugger is active!
2025-03-13 12:32:15,285, INFO,  * Debugger PIN: 870-624-759
2025-03-13 12:32:15,461, INFO, 127.0.0.1 - - [13/Mar/2025 12:32:15] "GET /socket.io/?EIO=4&transport=polling&t=PMDna3R HTTP/1.1" 200 -
2025-03-13 12:32:15,476, INFO, 127.0.0.1 - - [13/Mar/2025 12:32:15] "POST /socket.io/?EIO=4&transport=polling&t=PMDna9g&sid=qu4zQZHZEgsWIhJ6AAAA HTTP/1.1" 200 -
2025-03-13 12:32:15,487, INFO, 127.0.0.1 - - [13/Mar/2025 12:32:15] "GET /socket.io/?EIO=4&transport=polling&t=PMDna9m&sid=qu4zQZHZEgsWIhJ6AAAA HTTP/1.1" 200 -
2025-03-13 12:32:15,505, INFO, 127.0.0.1 - - [13/Mar/2025 12:32:15] "GET /socket.io/?EIO=4&transport=polling&t=PMDnaA8&sid=qu4zQZHZEgsWIhJ6AAAA HTTP/1.1" 200 -
2025-03-13 12:32:24,964, INFO,  * Detected change in 'D:\\Junner\\hackersir\\¾Ç³N\\ºô¸ô¥[±K¹ê¾Ô\\web-crypto-combat\\include\\crypt_functions.py', reloading
2025-03-13 12:32:25,054, INFO,  * Restarting with stat
2025-03-13 12:32:26,197, INFO, [server started...]
2025-03-13 12:32:26,208, WARNING,  * Debugger is active!
2025-03-13 12:32:26,213, INFO,  * Debugger PIN: 870-624-759
2025-03-13 12:32:26,375, INFO, 127.0.0.1 - - [13/Mar/2025 12:32:26] "GET /socket.io/?EIO=4&transport=polling&t=PMDncnf HTTP/1.1" 200 -
2025-03-13 12:32:26,391, INFO, 127.0.0.1 - - [13/Mar/2025 12:32:26] "POST /socket.io/?EIO=4&transport=polling&t=PMDncqC&sid=e3Ll5qV3NbxL4BgTAAAA HTTP/1.1" 200 -
2025-03-13 12:32:26,395, INFO, 127.0.0.1 - - [13/Mar/2025 12:32:26] "GET /socket.io/?EIO=4&transport=polling&t=PMDncqG&sid=e3Ll5qV3NbxL4BgTAAAA HTTP/1.1" 200 -
2025-03-13 12:32:26,410, INFO, 127.0.0.1 - - [13/Mar/2025 12:32:26] "GET /socket.io/?EIO=4&transport=polling&t=PMDncqa&sid=e3Ll5qV3NbxL4BgTAAAA HTTP/1.1" 200 -
